<?xml version="1.0"?>
<galleries>
	<item>
		<attach_url>https://demo.waituk.com/entrada-default-407/wp-content/uploads/sites/3/2016/04/itinerary-03-2.jpg,https://demo.waituk.com/entrada-default-407/wp-content/uploads/sites/3/2016/04/itinerary-01-1.jpg</attach_url>
		<meta_key>itinerary_gallery_img</meta_key>
		<post_slug>discovery-tour-of-hidden-island</post_slug>
		<domain_url>https://demo.waituk.com/entrada-default-407</domain_url>
	</item>
	<item>
		<attach_url>https://demo.waituk.com/entrada-default-407/wp-content/uploads/sites/3/2016/04/itinerary-03-2.jpg,https://demo.waituk.com/entrada-default-407/wp-content/uploads/sites/3/2016/04/itinerary-01-1.jpg</attach_url>
		<meta_key>itinerary_gallery_img</meta_key>
		<post_slug>hiking-trip-to-mountain-x</post_slug>
		<domain_url>https://demo.waituk.com/entrada-default-407</domain_url>
	</item>
	<item>
		<attach_url>https://demo.waituk.com/entrada-default-407/wp-content/uploads/sites/3/2016/04/itinerary-03-2.jpg,https://demo.waituk.com/entrada-default-407/wp-content/uploads/sites/3/2016/04/itinerary-01-1.jpg</attach_url>
		<meta_key>itinerary_gallery_img</meta_key>
		<post_slug>trip-to-white-castle</post_slug>
		<domain_url>https://demo.waituk.com/entrada-default-407</domain_url>
	</item>
	<item>
		<attach_url>https://demo.waituk.com/entrada-default-407/wp-content/uploads/sites/3/2016/04/itinerary-03-2.jpg,https://demo.waituk.com/entrada-default-407/wp-content/uploads/sites/3/2016/04/itinerary-01-1.jpg</attach_url>
		<meta_key>itinerary_gallery_img</meta_key>
		<post_slug>day-tour-to-autumn-highland</post_slug>
		<domain_url>https://demo.waituk.com/entrada-default-407</domain_url>
	</item>
	<item>
		<attach_url>https://demo.waituk.com/entrada-default-407/wp-content/uploads/sites/3/2016/04/itinerary-03-2.jpg,https://demo.waituk.com/entrada-default-407/wp-content/uploads/sites/3/2016/04/itinerary-01-1.jpg</attach_url>
		<meta_key>itinerary_gallery_img</meta_key>
		<post_slug>paris-city-tour</post_slug>
		<domain_url>https://demo.waituk.com/entrada-default-407</domain_url>
	</item>
	<item>
		<attach_url>https://demo.waituk.com/entrada-default-407/wp-content/uploads/sites/3/2016/04/itinerary-03-2.jpg,https://demo.waituk.com/entrada-default-407/wp-content/uploads/sites/3/2016/04/itinerary-01-1.jpg</attach_url>
		<meta_key>itinerary_gallery_img</meta_key>
		<post_slug>its-a-jungle-out-there</post_slug>
		<domain_url>https://demo.waituk.com/entrada-default-407</domain_url>
	</item>
	<item>
		<attach_url>https://demo.waituk.com/entrada-default-407/wp-content/uploads/sites/3/2016/04/itinerary-03-2.jpg,https://demo.waituk.com/entrada-default-407/wp-content/uploads/sites/3/2016/04/itinerary-01-1.jpg</attach_url>
		<meta_key>itinerary_gallery_img</meta_key>
		<post_slug>jungle-safari-in-africa</post_slug>
		<domain_url>https://demo.waituk.com/entrada-default-407</domain_url>
	</item>
	<item>
		<attach_url>https://demo.waituk.com/entrada-default-407/wp-content/uploads/sites/3/2016/04/itinerary-03-2.jpg,https://demo.waituk.com/entrada-default-407/wp-content/uploads/sites/3/2016/04/itinerary-01-1.jpg</attach_url>
		<meta_key>itinerary_gallery_img</meta_key>
		<post_slug>bungee-jumping-trip</post_slug>
		<domain_url>https://demo.waituk.com/entrada-default-407</domain_url>
	</item>
	<item>
		<attach_url>https://demo.waituk.com/entrada-default-407/wp-content/uploads/sites/3/2016/04/itinerary-01-1.jpg,https://demo.waituk.com/entrada-default-407/wp-content/uploads/sites/3/2016/04/itinerary-03-2.jpg</attach_url>
		<meta_key>itinerary_gallery_img</meta_key>
		<post_slug>hiking-trip-to-mountain</post_slug>
		<domain_url>https://demo.waituk.com/entrada-default-407</domain_url>
	</item>
	<item>
		<attach_url>https://demo.waituk.com/entrada-default-407/wp-content/uploads/sites/3/2016/04/itinerary-03-2.jpg,https://demo.waituk.com/entrada-default-407/wp-content/uploads/sites/3/2016/04/itinerary-01-1.jpg</attach_url>
		<meta_key>itinerary_gallery_img</meta_key>
		<post_slug>mountain-biking-trip</post_slug>
		<domain_url>https://demo.waituk.com/entrada-default-407</domain_url>
	</item>
	<item>
		<attach_url>https://demo.waituk.com/entrada-default-407/wp-content/uploads/sites/3/2016/04/itinerary-03-2.jpg,https://demo.waituk.com/entrada-default-407/wp-content/uploads/sites/3/2016/04/itinerary-01-1.jpg</attach_url>
		<meta_key>itinerary_gallery_img</meta_key>
		<post_slug>city-tours-around-europe</post_slug>
		<domain_url>https://demo.waituk.com/entrada-default-407</domain_url>
	</item>
	<item>
		<attach_url>https://demo.waituk.com/entrada-default-407/wp-content/uploads/sites/3/2016/04/itinerary-03-2.jpg,https://demo.waituk.com/entrada-default-407/wp-content/uploads/sites/3/2016/04/itinerary-01-1.jpg</attach_url>
		<meta_key>itinerary_gallery_img</meta_key>
		<post_slug>boating-and-sailing-tour</post_slug>
		<domain_url>https://demo.waituk.com/entrada-default-407</domain_url>
	</item>
	<item>
		<attach_url>https://demo.waituk.com/entrada-default-407/wp-content/uploads/sites/3/2016/04/gallery-09-1.jpg,https://demo.waituk.com/entrada-default-407/wp-content/uploads/sites/3/2016/04/gallery-08-1.jpg,https://demo.waituk.com/entrada-default-407/wp-content/uploads/sites/3/2016/04/gallery-07-2.jpg,https://demo.waituk.com/entrada-default-407/wp-content/uploads/sites/3/2016/04/gallery-06-1.jpg,https://demo.waituk.com/entrada-default-407/wp-content/uploads/sites/3/2016/04/gallery-05-1.jpg,https://demo.waituk.com/entrada-default-407/wp-content/uploads/sites/3/2016/04/gallery-04-1.jpg</attach_url>
		<meta_key>product_gallery_img</meta_key>
		<post_slug>discovery-tour-of-hidden-island</post_slug>
		<domain_url>https://demo.waituk.com/entrada-default-407</domain_url>
	</item>
	<item>
		<attach_url>https://demo.waituk.com/entrada-default-407/wp-content/uploads/sites/3/2016/04/gallery-09-1.jpg,https://demo.waituk.com/entrada-default-407/wp-content/uploads/sites/3/2016/04/gallery-08-1.jpg,https://demo.waituk.com/entrada-default-407/wp-content/uploads/sites/3/2016/04/gallery-07-2.jpg,https://demo.waituk.com/entrada-default-407/wp-content/uploads/sites/3/2016/04/gallery-06-1.jpg,https://demo.waituk.com/entrada-default-407/wp-content/uploads/sites/3/2016/04/gallery-05-1.jpg,https://demo.waituk.com/entrada-default-407/wp-content/uploads/sites/3/2016/04/gallery-04-1.jpg</attach_url>
		<meta_key>product_gallery_img</meta_key>
		<post_slug>hiking-trip-to-mountain-x</post_slug>
		<domain_url>https://demo.waituk.com/entrada-default-407</domain_url>
	</item>
	<item>
		<attach_url>https://demo.waituk.com/entrada-default-407/wp-content/uploads/sites/3/2016/04/gallery-09-1.jpg,https://demo.waituk.com/entrada-default-407/wp-content/uploads/sites/3/2016/04/gallery-08-1.jpg,https://demo.waituk.com/entrada-default-407/wp-content/uploads/sites/3/2016/04/gallery-07-2.jpg,https://demo.waituk.com/entrada-default-407/wp-content/uploads/sites/3/2016/04/gallery-06-1.jpg,https://demo.waituk.com/entrada-default-407/wp-content/uploads/sites/3/2016/04/gallery-05-1.jpg,https://demo.waituk.com/entrada-default-407/wp-content/uploads/sites/3/2016/04/gallery-04-1.jpg</attach_url>
		<meta_key>product_gallery_img</meta_key>
		<post_slug>trip-to-white-castle</post_slug>
		<domain_url>https://demo.waituk.com/entrada-default-407</domain_url>
	</item>
	<item>
		<attach_url>https://demo.waituk.com/entrada-default-407/wp-content/uploads/sites/3/2016/04/gallery-09-1.jpg,https://demo.waituk.com/entrada-default-407/wp-content/uploads/sites/3/2016/04/gallery-08-1.jpg,https://demo.waituk.com/entrada-default-407/wp-content/uploads/sites/3/2016/04/gallery-07-2.jpg,https://demo.waituk.com/entrada-default-407/wp-content/uploads/sites/3/2016/04/gallery-06-1.jpg,https://demo.waituk.com/entrada-default-407/wp-content/uploads/sites/3/2016/04/gallery-05-1.jpg,https://demo.waituk.com/entrada-default-407/wp-content/uploads/sites/3/2016/04/gallery-04-1.jpg</attach_url>
		<meta_key>product_gallery_img</meta_key>
		<post_slug>day-tour-to-autumn-highland</post_slug>
		<domain_url>https://demo.waituk.com/entrada-default-407</domain_url>
	</item>
	<item>
		<attach_url>https://demo.waituk.com/entrada-default-407/wp-content/uploads/sites/3/2016/04/gallery-09-1.jpg,https://demo.waituk.com/entrada-default-407/wp-content/uploads/sites/3/2016/04/gallery-08-1.jpg,https://demo.waituk.com/entrada-default-407/wp-content/uploads/sites/3/2016/04/gallery-07-2.jpg,https://demo.waituk.com/entrada-default-407/wp-content/uploads/sites/3/2016/04/gallery-06-1.jpg,https://demo.waituk.com/entrada-default-407/wp-content/uploads/sites/3/2016/04/gallery-05-1.jpg,https://demo.waituk.com/entrada-default-407/wp-content/uploads/sites/3/2016/04/gallery-04-1.jpg</attach_url>
		<meta_key>product_gallery_img</meta_key>
		<post_slug>paris-city-tour</post_slug>
		<domain_url>https://demo.waituk.com/entrada-default-407</domain_url>
	</item>
	<item>
		<attach_url>https://demo.waituk.com/entrada-default-407/wp-content/uploads/sites/3/2016/04/gallery-09-1.jpg,https://demo.waituk.com/entrada-default-407/wp-content/uploads/sites/3/2016/04/gallery-08-1.jpg,https://demo.waituk.com/entrada-default-407/wp-content/uploads/sites/3/2016/04/gallery-07-2.jpg,https://demo.waituk.com/entrada-default-407/wp-content/uploads/sites/3/2016/04/gallery-06-1.jpg,https://demo.waituk.com/entrada-default-407/wp-content/uploads/sites/3/2016/04/gallery-05-1.jpg,https://demo.waituk.com/entrada-default-407/wp-content/uploads/sites/3/2016/04/gallery-04-1.jpg</attach_url>
		<meta_key>product_gallery_img</meta_key>
		<post_slug>its-a-jungle-out-there</post_slug>
		<domain_url>https://demo.waituk.com/entrada-default-407</domain_url>
	</item>
	<item>
		<attach_url>https://demo.waituk.com/entrada-default-407/wp-content/uploads/sites/3/2016/04/gallery-09-1.jpg,https://demo.waituk.com/entrada-default-407/wp-content/uploads/sites/3/2016/04/gallery-08-1.jpg,https://demo.waituk.com/entrada-default-407/wp-content/uploads/sites/3/2016/04/gallery-07-2.jpg,https://demo.waituk.com/entrada-default-407/wp-content/uploads/sites/3/2016/04/gallery-06-1.jpg,https://demo.waituk.com/entrada-default-407/wp-content/uploads/sites/3/2016/04/gallery-05-1.jpg,https://demo.waituk.com/entrada-default-407/wp-content/uploads/sites/3/2016/04/gallery-04-1.jpg</attach_url>
		<meta_key>product_gallery_img</meta_key>
		<post_slug>jungle-safari-in-africa</post_slug>
		<domain_url>https://demo.waituk.com/entrada-default-407</domain_url>
	</item>
	<item>
		<attach_url>https://demo.waituk.com/entrada-default-407/wp-content/uploads/sites/3/2016/04/gallery-09-1.jpg,https://demo.waituk.com/entrada-default-407/wp-content/uploads/sites/3/2016/04/gallery-04-1.jpg,https://demo.waituk.com/entrada-default-407/wp-content/uploads/sites/3/2016/04/gallery-08-1.jpg,https://demo.waituk.com/entrada-default-407/wp-content/uploads/sites/3/2016/04/gallery-07-2.jpg,https://demo.waituk.com/entrada-default-407/wp-content/uploads/sites/3/2016/04/gallery-06-1.jpg,https://demo.waituk.com/entrada-default-407/wp-content/uploads/sites/3/2016/04/gallery-05-1.jpg</attach_url>
		<meta_key>product_gallery_img</meta_key>
		<post_slug>bungee-jumping-trip</post_slug>
		<domain_url>https://demo.waituk.com/entrada-default-407</domain_url>
	</item>
	<item>
		<attach_url>https://demo.waituk.com/entrada-default-407/wp-content/uploads/sites/3/2016/04/gallery-09-1.jpg,https://demo.waituk.com/entrada-default-407/wp-content/uploads/sites/3/2016/04/gallery-08-1.jpg,https://demo.waituk.com/entrada-default-407/wp-content/uploads/sites/3/2016/04/gallery-07-2.jpg,https://demo.waituk.com/entrada-default-407/wp-content/uploads/sites/3/2016/04/gallery-06-1.jpg,https://demo.waituk.com/entrada-default-407/wp-content/uploads/sites/3/2016/04/gallery-05-1.jpg,https://demo.waituk.com/entrada-default-407/wp-content/uploads/sites/3/2016/04/gallery-04-1.jpg</attach_url>
		<meta_key>product_gallery_img</meta_key>
		<post_slug>hiking-trip-to-mountain</post_slug>
		<domain_url>https://demo.waituk.com/entrada-default-407</domain_url>
	</item>
	<item>
		<attach_url>https://demo.waituk.com/entrada-default-407/wp-content/uploads/sites/3/2016/04/gallery-09-1.jpg,https://demo.waituk.com/entrada-default-407/wp-content/uploads/sites/3/2016/04/gallery-08-1.jpg,https://demo.waituk.com/entrada-default-407/wp-content/uploads/sites/3/2016/04/gallery-07-2.jpg,https://demo.waituk.com/entrada-default-407/wp-content/uploads/sites/3/2016/04/gallery-06-1.jpg,https://demo.waituk.com/entrada-default-407/wp-content/uploads/sites/3/2016/04/gallery-05-1.jpg,https://demo.waituk.com/entrada-default-407/wp-content/uploads/sites/3/2016/04/gallery-04-1.jpg</attach_url>
		<meta_key>product_gallery_img</meta_key>
		<post_slug>mountain-biking-trip</post_slug>
		<domain_url>https://demo.waituk.com/entrada-default-407</domain_url>
	</item>
</galleries>
