<?xml version="1.0"?>
<categories>
	<item>
		<cat_slug>leisurely==activity_level</cat_slug>
		<cat_data>a:15:{s:20:"prod_cat_best_season";s:0:"";s:25:"prod_cat_popular_location";s:0:"";s:16:"prod_cat_heading";s:0:"";s:20:"prod_cat_sub_heading";s:0:"";s:18:"prod_cat_sub_title";s:0:"";s:22:"prod_cat_listing_title";s:0:"";s:26:"prod_cat_listing_sub_title";s:0:"";s:22:"prod_cat_dig_more_link";s:0:"";s:25:"product_cat_banner_img_id";s:0:"";s:22:"product_cat_map_img_id";s:0:"";s:20:"prod_iconbar_cat_val";s:0:"";s:22:"prod_featured_home_val";s:0:"";s:21:"prod_featured_cat_val";s:0:"";s:20:"prod_icomoon_cat_val";s:0:"";s:18:"activity_level_val";s:1:"1";}</cat_data>
		<cat_url>https://demo.waituk.com/entrada-default-407</cat_url>
		<cat_img></cat_img>
	</item>
	<item>
		<cat_slug>fairly-easy==activity_level</cat_slug>
		<cat_data>a:15:{s:20:"prod_cat_best_season";s:0:"";s:25:"prod_cat_popular_location";s:0:"";s:16:"prod_cat_heading";s:0:"";s:20:"prod_cat_sub_heading";s:0:"";s:18:"prod_cat_sub_title";s:0:"";s:22:"prod_cat_listing_title";s:0:"";s:26:"prod_cat_listing_sub_title";s:0:"";s:22:"prod_cat_dig_more_link";s:0:"";s:25:"product_cat_banner_img_id";s:0:"";s:22:"product_cat_map_img_id";s:0:"";s:20:"prod_iconbar_cat_val";s:0:"";s:22:"prod_featured_home_val";s:0:"";s:21:"prod_featured_cat_val";s:0:"";s:20:"prod_icomoon_cat_val";s:0:"";s:18:"activity_level_val";s:1:"2";}</cat_data>
		<cat_url>https://demo.waituk.com/entrada-default-407</cat_url>
		<cat_img></cat_img>
	</item>
	<item>
		<cat_slug>moderate==activity_level</cat_slug>
		<cat_data>a:15:{s:20:"prod_cat_best_season";s:0:"";s:25:"prod_cat_popular_location";s:0:"";s:16:"prod_cat_heading";s:0:"";s:20:"prod_cat_sub_heading";s:0:"";s:18:"prod_cat_sub_title";s:0:"";s:22:"prod_cat_listing_title";s:0:"";s:26:"prod_cat_listing_sub_title";s:0:"";s:22:"prod_cat_dig_more_link";s:0:"";s:25:"product_cat_banner_img_id";s:0:"";s:22:"product_cat_map_img_id";s:0:"";s:20:"prod_iconbar_cat_val";s:0:"";s:22:"prod_featured_home_val";s:0:"";s:21:"prod_featured_cat_val";s:0:"";s:20:"prod_icomoon_cat_val";s:0:"";s:18:"activity_level_val";s:1:"3";}</cat_data>
		<cat_url>https://demo.waituk.com/entrada-default-407</cat_url>
		<cat_img></cat_img>
	</item>
	<item>
		<cat_slug>strenuous==activity_level</cat_slug>
		<cat_data>a:15:{s:20:"prod_cat_best_season";s:0:"";s:25:"prod_cat_popular_location";s:0:"";s:16:"prod_cat_heading";s:0:"";s:20:"prod_cat_sub_heading";s:0:"";s:18:"prod_cat_sub_title";s:0:"";s:22:"prod_cat_listing_title";s:0:"";s:26:"prod_cat_listing_sub_title";s:0:"";s:22:"prod_cat_dig_more_link";s:0:"";s:25:"product_cat_banner_img_id";s:0:"";s:22:"product_cat_map_img_id";s:0:"";s:20:"prod_iconbar_cat_val";s:0:"";s:22:"prod_featured_home_val";s:0:"";s:21:"prod_featured_cat_val";s:0:"";s:20:"prod_icomoon_cat_val";s:0:"";s:18:"activity_level_val";s:1:"4";}</cat_data>
		<cat_url>https://demo.waituk.com/entrada-default-407</cat_url>
		<cat_img></cat_img>
	</item>
	<item>
		<cat_slug>challenging==activity_level</cat_slug>
		<cat_data>a:15:{s:20:"prod_cat_best_season";s:0:"";s:25:"prod_cat_popular_location";s:0:"";s:16:"prod_cat_heading";s:0:"";s:20:"prod_cat_sub_heading";s:0:"";s:18:"prod_cat_sub_title";s:0:"";s:22:"prod_cat_listing_title";s:0:"";s:26:"prod_cat_listing_sub_title";s:0:"";s:22:"prod_cat_dig_more_link";s:0:"";s:25:"product_cat_banner_img_id";s:0:"";s:22:"product_cat_map_img_id";s:0:"";s:20:"prod_iconbar_cat_val";s:0:"";s:22:"prod_featured_home_val";s:0:"";s:21:"prod_featured_cat_val";s:0:"";s:20:"prod_icomoon_cat_val";s:0:"";s:18:"activity_level_val";s:1:"5";}</cat_data>
		<cat_url>https://demo.waituk.com/entrada-default-407</cat_url>
		<cat_img></cat_img>
	</item>
	<item>
		<cat_slug>tough==activity_level</cat_slug>
		<cat_data>a:15:{s:20:"prod_cat_best_season";s:0:"";s:25:"prod_cat_popular_location";s:0:"";s:16:"prod_cat_heading";s:0:"";s:20:"prod_cat_sub_heading";s:0:"";s:18:"prod_cat_sub_title";s:0:"";s:22:"prod_cat_listing_title";s:0:"";s:26:"prod_cat_listing_sub_title";s:0:"";s:22:"prod_cat_dig_more_link";s:0:"";s:25:"product_cat_banner_img_id";s:0:"";s:22:"product_cat_map_img_id";s:0:"";s:20:"prod_iconbar_cat_val";s:0:"";s:22:"prod_featured_home_val";s:0:"";s:21:"prod_featured_cat_val";s:0:"";s:20:"prod_icomoon_cat_val";s:0:"";s:18:"activity_level_val";s:1:"6";}</cat_data>
		<cat_url>https://demo.waituk.com/entrada-default-407</cat_url>
		<cat_img></cat_img>
	</item>
	<item>
		<cat_slug>ultimate==activity_level</cat_slug>
		<cat_data>a:15:{s:20:"prod_cat_best_season";s:0:"";s:25:"prod_cat_popular_location";s:0:"";s:16:"prod_cat_heading";s:0:"";s:20:"prod_cat_sub_heading";s:0:"";s:18:"prod_cat_sub_title";s:0:"";s:22:"prod_cat_listing_title";s:0:"";s:26:"prod_cat_listing_sub_title";s:0:"";s:22:"prod_cat_dig_more_link";s:0:"";s:25:"product_cat_banner_img_id";s:0:"";s:22:"product_cat_map_img_id";s:0:"";s:20:"prod_iconbar_cat_val";s:0:"";s:22:"prod_featured_home_val";s:0:"";s:21:"prod_featured_cat_val";s:0:"";s:20:"prod_icomoon_cat_val";s:0:"";s:18:"activity_level_val";s:1:"8";}</cat_data>
		<cat_url>https://demo.waituk.com/entrada-default-407</cat_url>
		<cat_img></cat_img>
	</item>
	<item>
		<cat_slug>canada==destination</cat_slug>
		<cat_data>a:15:{s:20:"prod_cat_best_season";s:12:"Winter, Fall";s:25:"prod_cat_popular_location";s:23:"Banff, Victoria, Ottawa";s:16:"prod_cat_heading";s:18:"Holidays in Canada";s:20:"prod_cat_sub_heading";s:61:"Top Wordpress Theme for Canadian Holidays, Tours  and  Travel";s:18:"prod_cat_sub_title";s:31:"Best of Canada Tours and Travel";s:22:"prod_cat_listing_title";s:15:"Tours in Canada";s:26:"prod_cat_listing_sub_title";s:47:"SEO Mastered Wordpress Theme for Canadian Tours";s:22:"prod_cat_dig_more_link";s:1:"#";s:25:"product_cat_banner_img_id";s:21:"/2016/04/des-02-1.jpg";s:22:"product_cat_map_img_id";s:29:"/2016/04/landing-canada-1.png";s:20:"prod_iconbar_cat_val";s:0:"";s:22:"prod_featured_home_val";s:0:"";s:21:"prod_featured_cat_val";s:0:"";s:20:"prod_icomoon_cat_val";s:0:"";s:18:"activity_level_val";s:0:"";}</cat_data>
		<cat_url>https://demo.waituk.com/entrada-default-407</cat_url>
		<cat_img></cat_img>
	</item>
	<item>
		<cat_slug>australia==destination</cat_slug>
		<cat_data>a:15:{s:20:"prod_cat_best_season";s:11:"May - March";s:25:"prod_cat_popular_location";s:26:"Gold Coast, Hobart, Cairns";s:16:"prod_cat_heading";s:21:"Holidays in Australia";s:20:"prod_cat_sub_heading";s:53:"Wordpress Theme for Tours  and  Holidays in Australia";s:18:"prod_cat_sub_title";s:28:"Top Attractions in Australia";s:22:"prod_cat_listing_title";s:18:"Tours in Australia";s:26:"prod_cat_listing_sub_title";s:49:"SEO Mastered Wordpress Theme for Australian Tours";s:22:"prod_cat_dig_more_link";s:1:"#";s:25:"product_cat_banner_img_id";s:27:"//2016/05/banner-l3-min.jpg";s:22:"product_cat_map_img_id";s:34:"/2016/04/landing-australia-2-1.png";s:20:"prod_iconbar_cat_val";s:0:"";s:22:"prod_featured_home_val";s:0:"";s:21:"prod_featured_cat_val";s:0:"";s:20:"prod_icomoon_cat_val";s:0:"";s:18:"activity_level_val";s:0:"";}</cat_data>
		<cat_url>https://demo.waituk.com/entrada-default-407</cat_url>
		<cat_img></cat_img>
	</item>
	<item>
		<cat_slug>city-tours==product_cat</cat_slug>
		<cat_data>a:15:{s:20:"prod_cat_best_season";s:14:"Jan - December";s:25:"prod_cat_popular_location";s:23:"France, Germany, US, UK";s:16:"prod_cat_heading";s:30:"City Tours in Urban Landscapes";s:20:"prod_cat_sub_heading";s:32:"Best City Tours Wordpress Theme ";s:18:"prod_cat_sub_title";s:30:"Discover Urban City Adventures";s:22:"prod_cat_listing_title";s:10:"City Tours";s:26:"prod_cat_listing_sub_title";s:51:"Chose from the very best city tours wordpress theme";s:22:"prod_cat_dig_more_link";s:1:"#";s:25:"product_cat_banner_img_id";s:29:"//2016/04/germany-landing.jpg";s:22:"product_cat_map_img_id";s:27:"//2016/06/urban-landing.png";s:20:"prod_iconbar_cat_val";s:4:"_yes";s:22:"prod_featured_home_val";s:0:"";s:21:"prod_featured_cat_val";s:4:"_yes";s:20:"prod_icomoon_cat_val";s:10:"icon-urban";s:18:"activity_level_val";s:0:"";}</cat_data>
		<cat_url>https://demo.waituk.com/entrada-default-407</cat_url>
		<cat_img>/2016/04/gallery-07-1-1.jpg</cat_img>
	</item>
	<item>
		<cat_slug>beach==product_cat</cat_slug>
		<cat_data>a:15:{s:20:"prod_cat_best_season";s:15:"May, June, July";s:25:"prod_cat_popular_location";s:30:"Brighton, Florida, Goa, Phuket";s:16:"prod_cat_heading";s:25:"Beach and Summer Holidays";s:20:"prod_cat_sub_heading";s:47:"Best Beach  and  Summer Holiday Wordpress Theme";s:18:"prod_cat_sub_title";s:22:"Beach Holidays of 2016";s:22:"prod_cat_listing_title";s:20:"Beach / Summer Theme";s:26:"prod_cat_listing_sub_title";s:35:"Best Beach Holidays in Summer of 16";s:22:"prod_cat_dig_more_link";s:1:"#";s:25:"product_cat_banner_img_id";s:30:"//2016/04/greece-landing-2.jpg";s:22:"product_cat_map_img_id";s:27:"//2016/06/beach-landing.png";s:20:"prod_iconbar_cat_val";s:0:"";s:22:"prod_featured_home_val";s:4:"_yes";s:21:"prod_featured_cat_val";s:4:"_yes";s:20:"prod_icomoon_cat_val";s:14:"icon-foot-step";s:18:"activity_level_val";s:0:"";}</cat_data>
		<cat_url>https://demo.waituk.com/entrada-default-407</cat_url>
		<cat_img>/2016/04/img-01-3.jpg</cat_img>
	</item>
	<item>
		<cat_slug>bungee-jump==product_cat</cat_slug>
		<cat_data>a:15:{s:20:"prod_cat_best_season";s:15:"May, June, July";s:25:"prod_cat_popular_location";s:26:"Queenstown, Victoria Falls";s:16:"prod_cat_heading";s:20:"Bungee Jumping Trips";s:20:"prod_cat_sub_heading";s:40:"Wordpress Theme for Bungee Jumping Trips";s:18:"prod_cat_sub_title";s:26:"Go for Awesome Bungee Jump";s:22:"prod_cat_listing_title";s:20:"Bungee Jumping trips";s:26:"prod_cat_listing_sub_title";s:41:"Find the Most Daring Bungee Jumping Trips";s:22:"prod_cat_dig_more_link";s:1:"#";s:25:"product_cat_banner_img_id";s:22:"//2016/05/banner-2.jpg";s:22:"product_cat_map_img_id";s:36:"//2016/06/bungee-jumping-landing.png";s:20:"prod_iconbar_cat_val";s:4:"_yes";s:22:"prod_featured_home_val";s:0:"";s:21:"prod_featured_cat_val";s:0:"";s:20:"prod_icomoon_cat_val";s:11:"icon-bungee";s:18:"activity_level_val";s:0:"";}</cat_data>
		<cat_url>https://demo.waituk.com/entrada-default-407</cat_url>
		<cat_img></cat_img>
	</item>
	<item>
		<cat_slug>desert==product_cat</cat_slug>
		<cat_data>a:15:{s:20:"prod_cat_best_season";s:20:"Winter, Summer, Fall";s:25:"prod_cat_popular_location";s:21:"Sahara, Africa, India";s:16:"prod_cat_heading";s:20:"Desert Holiday Tours";s:20:"prod_cat_sub_heading";s:30:"Desert Holiday Wordpress Theme";s:18:"prod_cat_sub_title";s:34:"Desert Holidays for Summer of 2016";s:22:"prod_cat_listing_title";s:12:"Desert Theme";s:26:"prod_cat_listing_sub_title";s:28:"Best Desert Holidays in 2016";s:22:"prod_cat_dig_more_link";s:1:"#";s:25:"product_cat_banner_img_id";s:28:"//2016/04/desert-landing.jpg";s:22:"product_cat_map_img_id";s:30:"//2016/06/landing-tanzania.png";s:20:"prod_iconbar_cat_val";s:0:"";s:22:"prod_featured_home_val";s:4:"_yes";s:21:"prod_featured_cat_val";s:4:"_yes";s:20:"prod_icomoon_cat_val";s:11:"icon-desert";s:18:"activity_level_val";s:0:"";}</cat_data>
		<cat_url>https://demo.waituk.com/entrada-default-407</cat_url>
		<cat_img>/2016/04/img-02-3.jpg</cat_img>
	</item>
	<item>
		<cat_slug>hiking-trips==product_cat</cat_slug>
		<cat_data>a:15:{s:20:"prod_cat_best_season";s:12:"Winter, Fall";s:25:"prod_cat_popular_location";s:27:"Nepal, Tibet, Bhutan, India";s:16:"prod_cat_heading";s:31:"Hiking  and  Camping Adventures";s:20:"prod_cat_sub_heading";s:47:"The most detailed  and  modern Adventure theme!";s:18:"prod_cat_sub_title";s:31:"Walking  and  Trekking Holidays";s:22:"prod_cat_listing_title";s:14:"Trekking Tours";s:26:"prod_cat_listing_sub_title";s:59:"Chose from various walking and trekking adventures in 2016.";s:22:"prod_cat_dig_more_link";s:1:"#";s:25:"product_cat_banner_img_id";s:23:"/2016/04/img-31-1-1.jpg";s:22:"product_cat_map_img_id";s:32:"//2016/06/ico-hiking-camping.png";s:20:"prod_iconbar_cat_val";s:4:"_yes";s:22:"prod_featured_home_val";s:0:"";s:21:"prod_featured_cat_val";s:4:"_yes";s:20:"prod_icomoon_cat_val";s:19:"icon-hiking-camping";s:18:"activity_level_val";s:0:"";}</cat_data>
		<cat_url>https://demo.waituk.com/entrada-default-407</cat_url>
		<cat_img>/2016/04/shutterstock_196702448-1.jpg</cat_img>
	</item>
	<item>
		<cat_slug>hunting-trip==product_cat</cat_slug>
		<cat_data>a:15:{s:20:"prod_cat_best_season";s:23:"May, June, July, August";s:25:"prod_cat_popular_location";s:25:"Namibia, Angola, Zimbabwe";s:16:"prod_cat_heading";s:19:"World Hunting Tours";s:20:"prod_cat_sub_heading";s:35:"Hunting and Fishing Wordpress Theme";s:18:"prod_cat_sub_title";s:25:"Top Hunting Trips of 2016";s:22:"prod_cat_listing_title";s:21:"Hunting  and  Fishing";s:26:"prod_cat_listing_sub_title";s:35:"Hinting and Fishing Wordpress Theme";s:22:"prod_cat_dig_more_link";s:1:"#";s:25:"product_cat_banner_img_id";s:28:"//2016/04/hunting-banner.jpg";s:22:"product_cat_map_img_id";s:29:"//2016/06/hunting-landing.png";s:20:"prod_iconbar_cat_val";s:4:"_yes";s:22:"prod_featured_home_val";s:0:"";s:21:"prod_featured_cat_val";s:4:"_yes";s:20:"prod_icomoon_cat_val";s:12:"icon-hunting";s:18:"activity_level_val";s:0:"";}</cat_data>
		<cat_url>https://demo.waituk.com/entrada-default-407</cat_url>
		<cat_img>/2016/04/shutterstock_407201272-1.jpg</cat_img>
	</item>
	<item>
		<cat_slug>iconic==product_cat</cat_slug>
		<cat_data>a:15:{s:20:"prod_cat_best_season";s:14:"All Year Round";s:25:"prod_cat_popular_location";s:28:"Paris, Munich, London, Miami";s:16:"prod_cat_heading";s:29:"Iconic Tours of Top Locations";s:20:"prod_cat_sub_heading";s:40:"Best City Tours Theme for Tour Operators";s:18:"prod_cat_sub_title";s:19:"Scenic Iconic Tours";s:22:"prod_cat_listing_title";s:20:"Iconic Ancient Tours";s:26:"prod_cat_listing_sub_title";s:26:"Find the Best Iconic Tours";s:22:"prod_cat_dig_more_link";s:1:"#";s:25:"product_cat_banner_img_id";s:29:"//2016/04/sailing-landing.jpg";s:22:"product_cat_map_img_id";s:24:"//2016/06/city-tours.png";s:20:"prod_iconbar_cat_val";s:0:"";s:22:"prod_featured_home_val";s:4:"_yes";s:21:"prod_featured_cat_val";s:0:"";s:20:"prod_icomoon_cat_val";s:10:"icon-urban";s:18:"activity_level_val";s:0:"";}</cat_data>
		<cat_url>https://demo.waituk.com/entrada-default-407</cat_url>
		<cat_img>/2016/04/img-03-2.jpg</cat_img>
	</item>
	<item>
		<cat_slug>jungle==product_cat</cat_slug>
		<cat_data>a:15:{s:20:"prod_cat_best_season";s:15:"May, June, July";s:25:"prod_cat_popular_location";s:20:"Africa, India, Nepal";s:16:"prod_cat_heading";s:28:"Jungle Safari  and  Wildlife";s:20:"prod_cat_sub_heading";s:37:"Jungle Safari Wordpress Theme of 2016";s:18:"prod_cat_sub_title";s:30:"Go Beyond Just Jungle Safaris ";s:22:"prod_cat_listing_title";s:14:"Jungle Safaris";s:26:"prod_cat_listing_sub_title";s:53:"Find best Jungle Safaris and Wildlife Wordpress Theme";s:22:"prod_cat_dig_more_link";s:1:"#";s:25:"product_cat_banner_img_id";s:28:"//2016/04/jungle-landing.jpg";s:22:"product_cat_map_img_id";s:25:"//2016/06/ico-antlers.png";s:20:"prod_iconbar_cat_val";s:0:"";s:22:"prod_featured_home_val";s:4:"_yes";s:21:"prod_featured_cat_val";s:0:"";s:20:"prod_icomoon_cat_val";s:11:"icon-jungle";s:18:"activity_level_val";s:0:"";}</cat_data>
		<cat_url>https://demo.waituk.com/entrada-default-407</cat_url>
		<cat_img>/2016/04/home-gallery-03-1.jpg</cat_img>
	</item>
	<item>
		<cat_slug>mountain==product_cat</cat_slug>
		<cat_data>a:15:{s:20:"prod_cat_best_season";s:12:"Winter, Fall";s:25:"prod_cat_popular_location";s:28:"Mt. Everest, Annapurna, Alps";s:16:"prod_cat_heading";s:23:"Mountain Trekking Tours";s:20:"prod_cat_sub_heading";s:34:"Wordpress Theme for Trekking Tours";s:18:"prod_cat_sub_title";s:38:"Mountains are Calling  and  I must Go!";s:22:"prod_cat_listing_title";s:14:"Trekking Tours";s:26:"prod_cat_listing_sub_title";s:40:"Top Mountain Trekking Tours of year 2016";s:22:"prod_cat_dig_more_link";s:1:"#";s:25:"product_cat_banner_img_id";s:30:"//2016/04/mountain-landing.jpg";s:22:"product_cat_map_img_id";s:32:"//2016/06/mountain-landing-1.png";s:20:"prod_iconbar_cat_val";s:0:"";s:22:"prod_featured_home_val";s:4:"_yes";s:21:"prod_featured_cat_val";s:0:"";s:20:"prod_icomoon_cat_val";s:13:"icon-mountain";s:18:"activity_level_val";s:0:"";}</cat_data>
		<cat_url>https://demo.waituk.com/entrada-default-407</cat_url>
		<cat_img>/2016/04/img-05-2.jpg</cat_img>
	</item>
	<item>
		<cat_slug>rural==product_cat</cat_slug>
		<cat_data>a:15:{s:20:"prod_cat_best_season";s:14:"All Year Round";s:25:"prod_cat_popular_location";s:24:"Sicily, Yorkshire, Lhasa";s:16:"prod_cat_heading";s:21:"Experience Rural Life";s:20:"prod_cat_sub_heading";s:44:"Wordpress Theme for Rural Tours and Cultures";s:18:"prod_cat_sub_title";s:46:"Rural Life and Culture Experience - First Hand";s:22:"prod_cat_listing_title";s:17:"Rural Experiences";s:26:"prod_cat_listing_sub_title";s:38:"Find the best rural experience in 2016";s:22:"prod_cat_dig_more_link";s:1:"#";s:25:"product_cat_banner_img_id";s:27:"//2016/04/rural-landing.jpg";s:22:"product_cat_map_img_id";s:27:"//2016/06/rural-landing.png";s:20:"prod_iconbar_cat_val";s:0:"";s:22:"prod_featured_home_val";s:4:"_yes";s:21:"prod_featured_cat_val";s:0:"";s:20:"prod_icomoon_cat_val";s:9:"icon-bird";s:18:"activity_level_val";s:0:"";}</cat_data>
		<cat_url>https://demo.waituk.com/entrada-default-407</cat_url>
		<cat_img>/2016/04/home-gallery-04-1.jpg</cat_img>
	</item>
	<item>
		<cat_slug>sailing-trips==product_cat</cat_slug>
		<cat_data>a:15:{s:20:"prod_cat_best_season";s:14:"Spring, Summer";s:25:"prod_cat_popular_location";s:24:"France, Germany, USA, UK";s:16:"prod_cat_heading";s:28:"Sailing  and  Cruising Tours";s:20:"prod_cat_sub_heading";s:33:"Top Sailing Tours Wordpress Theme";s:18:"prod_cat_sub_title";s:26:"Best Sailing Tours of 2016";s:22:"prod_cat_listing_title";s:13:"Sailing Trips";s:26:"prod_cat_listing_sub_title";s:31:"Find most popular sailing trips";s:22:"prod_cat_dig_more_link";s:1:"#";s:25:"product_cat_banner_img_id";s:29:"//2016/04/sailing-landing.jpg";s:22:"product_cat_map_img_id";s:31:"//2016/06/sailing-landing-5.png";s:20:"prod_iconbar_cat_val";s:4:"_yes";s:22:"prod_featured_home_val";s:0:"";s:21:"prod_featured_cat_val";s:0:"";s:20:"prod_icomoon_cat_val";s:12:"icon-boating";s:18:"activity_level_val";s:0:"";}</cat_data>
		<cat_url>https://demo.waituk.com/entrada-default-407</cat_url>
		<cat_img></cat_img>
	</item>
	<item>
		<cat_slug>scuba-diving==product_cat</cat_slug>
		<cat_data>a:15:{s:20:"prod_cat_best_season";s:20:"Summer, Winter, Fall";s:25:"prod_cat_popular_location";s:7:"Oceania";s:16:"prod_cat_heading";s:18:"Scuba Diving Trips";s:20:"prod_cat_sub_heading";s:28:"Scuba Diving Wordpress Theme";s:18:"prod_cat_sub_title";s:26:"Best of Scuba Diving Trips";s:22:"prod_cat_listing_title";s:12:"Scuba Diving";s:26:"prod_cat_listing_sub_title";s:38:"Top rated scuba diving wordpress theme";s:22:"prod_cat_dig_more_link";s:1:"#";s:25:"product_cat_banner_img_id";s:29:"//2016/04/sailing-landing.jpg";s:22:"product_cat_map_img_id";s:34:"//2016/06/scuba-diving-landing.png";s:20:"prod_iconbar_cat_val";s:4:"_yes";s:22:"prod_featured_home_val";s:0:"";s:21:"prod_featured_cat_val";s:4:"_yes";s:20:"prod_icomoon_cat_val";s:17:"icon-scuba-diving";s:18:"activity_level_val";s:0:"";}</cat_data>
		<cat_url>https://demo.waituk.com/entrada-default-407</cat_url>
		<cat_img></cat_img>
	</item>
	<item>
		<cat_slug>snow-ice==product_cat</cat_slug>
		<cat_data>a:15:{s:20:"prod_cat_best_season";s:20:"Winter, Fall, Spring";s:25:"prod_cat_popular_location";s:22:"Italy, France, Germany";s:16:"prod_cat_heading";s:28:"Winter Adventure  and  Tours";s:20:"prod_cat_sub_heading";s:30:"Snow and Ice in Winter of 2016";s:18:"prod_cat_sub_title";s:33:"Get Adventurous on Snowy Mountain";s:22:"prod_cat_listing_title";s:12:"Winter Tours";s:26:"prod_cat_listing_sub_title";s:36:"Winter Tours Wordpress Theme of 2016";s:22:"prod_cat_dig_more_link";s:1:"#";s:25:"product_cat_banner_img_id";s:30:"//2016/04/snow-ice-landing.jpg";s:22:"product_cat_map_img_id";s:29:"//2016/06/snow-ice-lnding.png";s:20:"prod_iconbar_cat_val";s:0:"";s:22:"prod_featured_home_val";s:4:"_yes";s:21:"prod_featured_cat_val";s:0:"";s:20:"prod_icomoon_cat_val";s:13:"icon-snow-ice";s:18:"activity_level_val";s:0:"";}</cat_data>
		<cat_url>https://demo.waituk.com/entrada-default-407</cat_url>
		<cat_img>/2016/04/home-gallery-05-1.jpg</cat_img>
	</item>
	<item>
		<cat_slug>urban==product_cat</cat_slug>
		<cat_data>a:15:{s:20:"prod_cat_best_season";s:14:"All Year Round";s:25:"prod_cat_popular_location";s:29:"Paris, New York, Rome, Munich";s:16:"prod_cat_heading";s:16:"Urban City Tours";s:20:"prod_cat_sub_heading";s:34:"City Tours Wordpress Theme of 2016";s:18:"prod_cat_sub_title";s:32:"Urban City Tours Wordpress Theme";s:22:"prod_cat_listing_title";s:10:"City Tours";s:26:"prod_cat_listing_sub_title";s:33:"Our Most Popular Urban City Tours";s:22:"prod_cat_dig_more_link";s:1:"#";s:25:"product_cat_banner_img_id";s:27:"//2016/04/urban-landing.jpg";s:22:"product_cat_map_img_id";s:27:"//2016/06/urban-landing.png";s:20:"prod_iconbar_cat_val";s:0:"";s:22:"prod_featured_home_val";s:4:"_yes";s:21:"prod_featured_cat_val";s:0:"";s:20:"prod_icomoon_cat_val";s:10:"icon-urban";s:18:"activity_level_val";s:0:"";}</cat_data>
		<cat_url>https://demo.waituk.com/entrada-default-407</cat_url>
		<cat_img>/2016/04/img-08-1-1.jpg</cat_img>
	</item>
	<item>
		<cat_slug>extreme==activity_level</cat_slug>
		<cat_data>a:15:{s:20:"prod_cat_best_season";s:0:"";s:25:"prod_cat_popular_location";s:0:"";s:16:"prod_cat_heading";s:0:"";s:20:"prod_cat_sub_heading";s:0:"";s:18:"prod_cat_sub_title";s:0:"";s:22:"prod_cat_listing_title";s:0:"";s:26:"prod_cat_listing_sub_title";s:0:"";s:22:"prod_cat_dig_more_link";s:0:"";s:25:"product_cat_banner_img_id";s:0:"";s:22:"product_cat_map_img_id";s:0:"";s:20:"prod_iconbar_cat_val";s:0:"";s:22:"prod_featured_home_val";s:0:"";s:21:"prod_featured_cat_val";s:0:"";s:20:"prod_icomoon_cat_val";s:0:"";s:18:"activity_level_val";s:1:"7";}</cat_data>
		<cat_url>https://demo.waituk.com/entrada-default-407</cat_url>
		<cat_img></cat_img>
	</item>
	<item>
		<cat_slug>ethiopia==destination</cat_slug>
		<cat_data>a:15:{s:20:"prod_cat_best_season";s:23:"May, June, July, August";s:25:"prod_cat_popular_location";s:16:"Omg River Region";s:16:"prod_cat_heading";s:30:"Adventure Holidays in Ethiopia";s:20:"prod_cat_sub_heading";s:36:"Wordpress theme for Ethiopia Tourism";s:18:"prod_cat_sub_title";s:44:"Adventure, activity and holidays to Ethiopia";s:22:"prod_cat_listing_title";s:17:"Ethiopia Holidays";s:26:"prod_cat_listing_sub_title";s:44:"The very best of Ethiopia holidays and tours";s:22:"prod_cat_dig_more_link";s:39:"http://www.waituk.net/themes/wp/entrada";s:25:"product_cat_banner_img_id";s:30:"//2016/04/ethiopia-landing.jpg";s:22:"product_cat_map_img_id";s:32:"//2016/06/ethiopia-landing-1.png";s:20:"prod_iconbar_cat_val";s:0:"";s:22:"prod_featured_home_val";s:0:"";s:21:"prod_featured_cat_val";s:0:"";s:20:"prod_icomoon_cat_val";s:0:"";s:18:"activity_level_val";s:0:"";}</cat_data>
		<cat_url>https://demo.waituk.com/entrada-default-407</cat_url>
		<cat_img></cat_img>
	</item>
	<item>
		<cat_slug>africa==destination</cat_slug>
		<cat_data>a:15:{s:20:"prod_cat_best_season";s:14:"All Year Round";s:25:"prod_cat_popular_location";s:27:"Morocco, Tanzania, Ethiopia";s:16:"prod_cat_heading";s:21:"African Holiday Tours";s:20:"prod_cat_sub_heading";s:33:"Wordpress Theme for African Tours";s:18:"prod_cat_sub_title";s:34:"Top Tourist Destinations in Africa";s:22:"prod_cat_listing_title";s:18:"Holidays in Africa";s:26:"prod_cat_listing_sub_title";s:40:"Holiday Tours Wordpress Theme for Africa";s:22:"prod_cat_dig_more_link";s:39:"http://www.waituk.net/themes/wp/entrada";s:25:"product_cat_banner_img_id";s:28:"//2016/04/africa-landing.jpg";s:22:"product_cat_map_img_id";s:30:"//2016/06/africa-landing-3.png";s:20:"prod_iconbar_cat_val";s:0:"";s:22:"prod_featured_home_val";s:0:"";s:21:"prod_featured_cat_val";s:0:"";s:20:"prod_icomoon_cat_val";s:11:"icon-africa";s:18:"activity_level_val";s:0:"";}</cat_data>
		<cat_url>https://demo.waituk.com/entrada-default-407</cat_url>
		<cat_img></cat_img>
	</item>
	<item>
		<cat_slug>greece==destination</cat_slug>
		<cat_data>a:15:{s:20:"prod_cat_best_season";s:22:"Spring, Summer, Winter";s:25:"prod_cat_popular_location";s:29:"Santorini, Acropolis, Mykonos";s:16:"prod_cat_heading";s:18:"Holidays in Greece";s:20:"prod_cat_sub_heading";s:32:"Wordpress Theme for Greece Tours";s:18:"prod_cat_sub_title";s:32:"Best of greek holidays and tours";s:22:"prod_cat_listing_title";s:14:"Greek Holidays";s:26:"prod_cat_listing_sub_title";s:37:"Popular Tour Theme for Greek Holidays";s:22:"prod_cat_dig_more_link";s:39:"http://www.waituk.net/themes/wp/entrada";s:25:"product_cat_banner_img_id";s:30:"//2016/04/greece-landing-2.jpg";s:22:"product_cat_map_img_id";s:31:"/2016/04/greece-landing-1-1.png";s:20:"prod_iconbar_cat_val";s:0:"";s:22:"prod_featured_home_val";s:0:"";s:21:"prod_featured_cat_val";s:0:"";s:20:"prod_icomoon_cat_val";s:0:"";s:18:"activity_level_val";s:0:"";}</cat_data>
		<cat_url>https://demo.waituk.com/entrada-default-407</cat_url>
		<cat_img></cat_img>
	</item>
	<item>
		<cat_slug>germany==destination</cat_slug>
		<cat_data>a:15:{s:20:"prod_cat_best_season";s:14:"All Year Round";s:25:"prod_cat_popular_location";s:31:"Holstentor, Oktoberfest, Lindau";s:16:"prod_cat_heading";s:19:"Holidays in Germany";s:20:"prod_cat_sub_heading";s:51:"Wordpress Theme for Tours  and  Holidays in Germany";s:18:"prod_cat_sub_title";s:26:"Top Attractions in Germany";s:22:"prod_cat_listing_title";s:13:"Germany Tours";s:26:"prod_cat_listing_sub_title";s:46:"SEO Mastered Wordpress Theme for Germany Tours";s:22:"prod_cat_dig_more_link";s:39:"http://www.waituk.net/themes/wp/entrada";s:25:"product_cat_banner_img_id";s:29:"//2016/04/germany-landing.jpg";s:22:"product_cat_map_img_id";s:30:"/2016/04/germany-landing-1.png";s:20:"prod_iconbar_cat_val";s:0:"";s:22:"prod_featured_home_val";s:0:"";s:21:"prod_featured_cat_val";s:0:"";s:20:"prod_icomoon_cat_val";s:0:"";s:18:"activity_level_val";s:0:"";}</cat_data>
		<cat_url>https://demo.waituk.com/entrada-default-407</cat_url>
		<cat_img></cat_img>
	</item>
	<item>
		<cat_slug>united-kingdom==destination</cat_slug>
		<cat_data>a:15:{s:20:"prod_cat_best_season";s:14:"Summer, Winter";s:25:"prod_cat_popular_location";s:22:"Guildford, Stone Henge";s:16:"prod_cat_heading";s:26:"Holidays in United Kingdom";s:20:"prod_cat_sub_heading";s:46:"Wordpress Theme for Tours  and  Holidays in UK";s:18:"prod_cat_sub_title";s:33:"Top Attractions in United Kingdom";s:22:"prod_cat_listing_title";s:19:"Holidays in Britain";s:26:"prod_cat_listing_sub_title";s:44:"SEO Mastered Wordpress Theme for UK Holidays";s:22:"prod_cat_dig_more_link";s:39:"http://www.waituk.net/themes/wp/entrada";s:25:"product_cat_banner_img_id";s:26:"/2016/04/tour-20-min-1.jpg";s:22:"product_cat_map_img_id";s:39:"/2016/04/united-kingdom-landing-4-1.png";s:20:"prod_iconbar_cat_val";s:0:"";s:22:"prod_featured_home_val";s:0:"";s:21:"prod_featured_cat_val";s:0:"";s:20:"prod_icomoon_cat_val";s:0:"";s:18:"activity_level_val";s:0:"";}</cat_data>
		<cat_url>https://demo.waituk.com/entrada-default-407</cat_url>
		<cat_img></cat_img>
	</item>
	<item>
		<cat_slug>france==destination</cat_slug>
		<cat_data>a:15:{s:20:"prod_cat_best_season";s:14:"All Year Round";s:25:"prod_cat_popular_location";s:21:"Paris, French Riviera";s:16:"prod_cat_heading";s:18:"Holidays in France";s:20:"prod_cat_sub_heading";s:59:"Top Wordpress Theme for French Holidays, Tours  and  Travel";s:18:"prod_cat_sub_title";s:25:"Top Attractions in France";s:22:"prod_cat_listing_title";s:15:"Tours in France";s:26:"prod_cat_listing_sub_title";s:45:"SEO Mastered Wordpress Theme for France Tours";s:22:"prod_cat_dig_more_link";s:1:"#";s:25:"product_cat_banner_img_id";s:31:"/2016/04/france-landing-1-1.jpg";s:22:"product_cat_map_img_id";s:31:"//2016/06/ico-landing-eifel.png";s:20:"prod_iconbar_cat_val";s:0:"";s:22:"prod_featured_home_val";s:0:"";s:21:"prod_featured_cat_val";s:0:"";s:20:"prod_icomoon_cat_val";s:11:"icon-europe";s:18:"activity_level_val";s:0:"";}</cat_data>
		<cat_url>https://demo.waituk.com/entrada-default-407</cat_url>
		<cat_img></cat_img>
	</item>
	<item>
		<cat_slug>spain==destination</cat_slug>
		<cat_data>a:15:{s:20:"prod_cat_best_season";s:14:"All Year Round";s:25:"prod_cat_popular_location";s:22:"Madrid, Majorca, Ibiza";s:16:"prod_cat_heading";s:17:"Holidays in Spain";s:20:"prod_cat_sub_heading";s:60:"Top Wordpress Theme for Spanish Holidays, Tours  and  Travel";s:18:"prod_cat_sub_title";s:24:"Top Attractions in Spain";s:22:"prod_cat_listing_title";s:14:"Spain Holidays";s:26:"prod_cat_listing_sub_title";s:46:"SEO Mastered Wordpress Theme for Spanish Tours";s:22:"prod_cat_dig_more_link";s:1:"#";s:25:"product_cat_banner_img_id";s:30:"/2016/04/spain-landing-1-1.jpg";s:22:"product_cat_map_img_id";s:28:"/2016/04/spain-landing-1.png";s:20:"prod_iconbar_cat_val";s:0:"";s:22:"prod_featured_home_val";s:0:"";s:21:"prod_featured_cat_val";s:0:"";s:20:"prod_icomoon_cat_val";s:0:"";s:18:"activity_level_val";s:0:"";}</cat_data>
		<cat_url>https://demo.waituk.com/entrada-default-407</cat_url>
		<cat_img></cat_img>
	</item>
	<item>
		<cat_slug>netherlands==destination</cat_slug>
		<cat_data>a:15:{s:20:"prod_cat_best_season";s:20:"Summer, Winter, Fall";s:25:"prod_cat_popular_location";s:28:"Efteling, Jordaan, Keukenhaf";s:16:"prod_cat_heading";s:23:"Holidays in Netherlands";s:20:"prod_cat_sub_heading";s:55:"Wordpress Theme for Tours  and  Holidays in Netherlands";s:18:"prod_cat_sub_title";s:30:"Top Attractions in Netherlands";s:22:"prod_cat_listing_title";s:16:"Netherland TOURS";s:26:"prod_cat_listing_sub_title";s:49:"SEO Mastered Wordpress Theme for Netherland Tours";s:22:"prod_cat_dig_more_link";s:1:"#";s:25:"product_cat_banner_img_id";s:36:"/2016/04/landing-netherlands-1-1.jpg";s:22:"product_cat_map_img_id";s:34:"/2016/04/netherlands-landing-1.png";s:20:"prod_iconbar_cat_val";s:0:"";s:22:"prod_featured_home_val";s:0:"";s:21:"prod_featured_cat_val";s:0:"";s:20:"prod_icomoon_cat_val";s:0:"";s:18:"activity_level_val";s:0:"";}</cat_data>
		<cat_url>https://demo.waituk.com/entrada-default-407</cat_url>
		<cat_img></cat_img>
	</item>
	<item>
		<cat_slug>india==destination</cat_slug>
		<cat_data>a:15:{s:20:"prod_cat_best_season";s:14:"All Year Round";s:25:"prod_cat_popular_location";s:17:"Agra, Goa, Shimla";s:16:"prod_cat_heading";s:25:"Incredible India Holidays";s:20:"prod_cat_sub_heading";s:43:"Tour  and  Travel Wordpress Theme for India";s:18:"prod_cat_sub_title";s:24:"Top Attractions in India";s:22:"prod_cat_listing_title";s:11:"India Tours";s:26:"prod_cat_listing_sub_title";s:47:"SEO Mastered Wordpress Theme for Indian Tourism";s:22:"prod_cat_dig_more_link";s:1:"#";s:25:"product_cat_banner_img_id";s:28:"//2016/04/iconic-landing.jpg";s:22:"product_cat_map_img_id";s:29:"//2016/06/india-landing-4.png";s:20:"prod_iconbar_cat_val";s:0:"";s:22:"prod_featured_home_val";s:0:"";s:21:"prod_featured_cat_val";s:0:"";s:20:"prod_icomoon_cat_val";s:0:"";s:18:"activity_level_val";s:0:"";}</cat_data>
		<cat_url>https://demo.waituk.com/entrada-default-407</cat_url>
		<cat_img></cat_img>
	</item>
	<item>
		<cat_slug>china==destination</cat_slug>
		<cat_data>a:15:{s:20:"prod_cat_best_season";s:14:"All Year Round";s:25:"prod_cat_popular_location";s:30:"The Bund, Great Wall, Mutianyu";s:16:"prod_cat_heading";s:17:"Holidays in China";s:20:"prod_cat_sub_heading";s:49:"Wordpress Theme for Tours  and  Holidays in China";s:18:"prod_cat_sub_title";s:24:"Top Attractions in China";s:22:"prod_cat_listing_title";s:11:"China Tours";s:26:"prod_cat_listing_sub_title";s:44:"SEO Mastered Wordpress Theme for China Tours";s:22:"prod_cat_dig_more_link";s:1:"#";s:25:"product_cat_banner_img_id";s:30:"/2016/04/landing-china-1-1.jpg";s:22:"product_cat_map_img_id";s:27:"//2016/06/landing-china.png";s:20:"prod_iconbar_cat_val";s:0:"";s:22:"prod_featured_home_val";s:0:"";s:21:"prod_featured_cat_val";s:0:"";s:20:"prod_icomoon_cat_val";s:0:"";s:18:"activity_level_val";s:0:"";}</cat_data>
		<cat_url>https://demo.waituk.com/entrada-default-407</cat_url>
		<cat_img></cat_img>
	</item>
	<item>
		<cat_slug>nepal==destination</cat_slug>
		<cat_data>a:15:{s:20:"prod_cat_best_season";s:20:"Winter, Fall, Spring";s:25:"prod_cat_popular_location";s:28:"Everest, Annapurna, Langtang";s:16:"prod_cat_heading";s:17:"Holidays in Nepal";s:20:"prod_cat_sub_heading";s:49:"Wordpress Theme for Tours  and  Holidays in Nepal";s:18:"prod_cat_sub_title";s:24:"Top Attractions in Nepal";s:22:"prod_cat_listing_title";s:14:"Tours in Nepal";s:26:"prod_cat_listing_sub_title";s:44:"SEO Mastered Wordpress Theme for Nepal Tours";s:22:"prod_cat_dig_more_link";s:1:"#";s:25:"product_cat_banner_img_id";s:27:"//2016/04/landing-nepal.jpg";s:22:"product_cat_map_img_id";s:27:"//2016/06/landing-nepal.png";s:20:"prod_iconbar_cat_val";s:0:"";s:22:"prod_featured_home_val";s:0:"";s:21:"prod_featured_cat_val";s:0:"";s:20:"prod_icomoon_cat_val";s:0:"";s:18:"activity_level_val";s:0:"";}</cat_data>
		<cat_url>https://demo.waituk.com/entrada-default-407</cat_url>
		<cat_img></cat_img>
	</item>
	<item>
		<cat_slug>asia==destination</cat_slug>
		<cat_data>a:15:{s:20:"prod_cat_best_season";s:14:"All Year Round";s:25:"prod_cat_popular_location";s:19:"India, China, Nepal";s:16:"prod_cat_heading";s:16:"Holidays in Asia";s:20:"prod_cat_sub_heading";s:48:"Wordpress Theme for Tours  and  Holidays in Asia";s:18:"prod_cat_sub_title";s:23:"Top Attractions in Asia";s:22:"prod_cat_listing_title";s:10:"Asia Tours";s:26:"prod_cat_listing_sub_title";s:44:"SEO Mastered Wordpress Theme for Asian Tours";s:22:"prod_cat_dig_more_link";s:1:"#";s:25:"product_cat_banner_img_id";s:26:"//2016/04/landing-asia.jpg";s:22:"product_cat_map_img_id";s:28:"//2016/06/landing-asai-1.png";s:20:"prod_iconbar_cat_val";s:0:"";s:22:"prod_featured_home_val";s:0:"";s:21:"prod_featured_cat_val";s:0:"";s:20:"prod_icomoon_cat_val";s:9:"icon-asia";s:18:"activity_level_val";s:0:"";}</cat_data>
		<cat_url>https://demo.waituk.com/entrada-default-407</cat_url>
		<cat_img></cat_img>
	</item>
	<item>
		<cat_slug>europe==destination</cat_slug>
		<cat_data>a:15:{s:20:"prod_cat_best_season";s:14:"All Year Round";s:25:"prod_cat_popular_location";s:19:"Rome, Paris, Munich";s:16:"prod_cat_heading";s:18:"Holidays in Europe";s:20:"prod_cat_sub_heading";s:48:"Wordpress Theme for Tours  and  Holidays in Asia";s:18:"prod_cat_sub_title";s:25:"Top Attractions in Europe";s:22:"prod_cat_listing_title";s:12:"Europe Tours";s:26:"prod_cat_listing_sub_title";s:44:"SEO Mastered Wordpress Theme for Asian Tours";s:22:"prod_cat_dig_more_link";s:1:"#";s:25:"product_cat_banner_img_id";s:28:"//2016/04/europe-landing.jpg";s:22:"product_cat_map_img_id";s:29:"/2016/04/landing-europe-1.png";s:20:"prod_iconbar_cat_val";s:0:"";s:22:"prod_featured_home_val";s:0:"";s:21:"prod_featured_cat_val";s:0:"";s:20:"prod_icomoon_cat_val";s:11:"icon-europe";s:18:"activity_level_val";s:0:"";}</cat_data>
		<cat_url>https://demo.waituk.com/entrada-default-407</cat_url>
		<cat_img></cat_img>
	</item>
	<item>
		<cat_slug>north-america==destination</cat_slug>
		<cat_data>a:15:{s:20:"prod_cat_best_season";s:14:"All Year Round";s:25:"prod_cat_popular_location";s:18:"Canada, US, Mexico";s:16:"prod_cat_heading";s:24:"Holiday in North America";s:20:"prod_cat_sub_heading";s:48:"Wordpress Theme for Tours  and  Holidays in Asia";s:18:"prod_cat_sub_title";s:32:"Top Attractions in North America";s:22:"prod_cat_listing_title";s:22:"Tours in North America";s:26:"prod_cat_listing_sub_title";s:52:"SEO Mastered Wordpress Theme for North America Tours";s:22:"prod_cat_dig_more_link";s:1:"#";s:25:"product_cat_banner_img_id";s:35:"//2016/04/north-america-landing.jpg";s:22:"product_cat_map_img_id";s:36:"/2016/04/north-america-landing-1.png";s:20:"prod_iconbar_cat_val";s:0:"";s:22:"prod_featured_home_val";s:0:"";s:21:"prod_featured_cat_val";s:0:"";s:20:"prod_icomoon_cat_val";s:0:"";s:18:"activity_level_val";s:0:"";}</cat_data>
		<cat_url>https://demo.waituk.com/entrada-default-407</cat_url>
		<cat_img></cat_img>
	</item>
	<item>
		<cat_slug>world==destination</cat_slug>
		<cat_data>a:15:{s:20:"prod_cat_best_season";s:23:"May, June, July, August";s:25:"prod_cat_popular_location";s:30:"Madrid, Bhamas, Phuket, Sydney";s:16:"prod_cat_heading";s:20:"Popular Destinations";s:20:"prod_cat_sub_heading";s:37:"Popular Destinations around the World";s:18:"prod_cat_sub_title";s:24:"Popular around the World";s:22:"prod_cat_listing_title";s:11:"WORLD TOURS";s:26:"prod_cat_listing_sub_title";s:38:"Trending Destinations Around The World";s:22:"prod_cat_dig_more_link";s:1:"#";s:25:"product_cat_banner_img_id";s:22:"//2016/05/banner-2.jpg";s:22:"product_cat_map_img_id";s:32:"//2016/06/mountain-landing-1.png";s:20:"prod_iconbar_cat_val";s:0:"";s:22:"prod_featured_home_val";s:0:"";s:21:"prod_featured_cat_val";s:0:"";s:20:"prod_icomoon_cat_val";s:10:"icon-world";s:18:"activity_level_val";s:0:"";}</cat_data>
		<cat_url>https://demo.waituk.com/entrada-default-407</cat_url>
		<cat_img></cat_img>
	</item>
	<item>
		<cat_slug>new-zealand==destination</cat_slug>
		<cat_data>a:15:{s:20:"prod_cat_best_season";s:14:"March - August";s:25:"prod_cat_popular_location";s:22:"Rotorua, Taupo, Napier";s:16:"prod_cat_heading";s:23:"Holidays in New Zealand";s:20:"prod_cat_sub_heading";s:55:"Wordpress Theme for Tours  and  Holidays in New Zealand";s:18:"prod_cat_sub_title";s:30:"Top Attractions in New Zealand";s:22:"prod_cat_listing_title";s:20:"Tours in New Zealand";s:26:"prod_cat_listing_sub_title";s:50:"SEO Mastered Wordpress Theme for New Zealand Tours";s:22:"prod_cat_dig_more_link";s:1:"#";s:25:"product_cat_banner_img_id";s:21:"/2016/04/des-04-1.jpg";s:22:"product_cat_map_img_id";s:34:"/2016/04/landing-new-zealand-1.png";s:20:"prod_iconbar_cat_val";s:0:"";s:22:"prod_featured_home_val";s:0:"";s:21:"prod_featured_cat_val";s:0:"";s:20:"prod_icomoon_cat_val";s:0:"";s:18:"activity_level_val";s:0:"";}</cat_data>
		<cat_url>https://demo.waituk.com/entrada-default-407</cat_url>
		<cat_img></cat_img>
	</item>
	<item>
		<cat_slug>tanzania==destination</cat_slug>
		<cat_data>a:15:{s:20:"prod_cat_best_season";s:15:"March - October";s:25:"prod_cat_popular_location";s:22:"Arusha, Mwanza, Nungwi";s:16:"prod_cat_heading";s:20:"Holidays in Tanzania";s:20:"prod_cat_sub_heading";s:52:"Wordpress Theme for Tours  and  Holidays in Tanzania";s:18:"prod_cat_sub_title";s:27:"Top Attractions in Tanzania";s:22:"prod_cat_listing_title";s:17:"Tours in Tanzania";s:26:"prod_cat_listing_sub_title";s:47:"SEO Mastered Wordpress Theme for Tanzania Tours";s:22:"prod_cat_dig_more_link";s:1:"#";s:25:"product_cat_banner_img_id";s:20:"//2016/05/des-05.jpg";s:22:"product_cat_map_img_id";s:30:"//2016/06/landing-tanzania.png";s:20:"prod_iconbar_cat_val";s:0:"";s:22:"prod_featured_home_val";s:0:"";s:21:"prod_featured_cat_val";s:0:"";s:20:"prod_icomoon_cat_val";s:0:"";s:18:"activity_level_val";s:0:"";}</cat_data>
		<cat_url>https://demo.waituk.com/entrada-default-407</cat_url>
		<cat_img></cat_img>
	</item>
	<item>
		<cat_slug>turkey==destination</cat_slug>
		<cat_data>a:15:{s:20:"prod_cat_best_season";s:14:"Summer, Winter";s:25:"prod_cat_popular_location";s:23:"Alanya, Izmir, Istanbul";s:16:"prod_cat_heading";s:18:"Holidays in Turkey";s:20:"prod_cat_sub_heading";s:50:"Wordpress Theme for Tours  and  Holidays in Turkey";s:18:"prod_cat_sub_title";s:25:"Top Attractions in Turkey";s:22:"prod_cat_listing_title";s:15:"Tours in Turkey";s:26:"prod_cat_listing_sub_title";s:46:"SEO Mastered Wordpress Theme for Turkish Tours";s:22:"prod_cat_dig_more_link";s:1:"#";s:25:"product_cat_banner_img_id";s:21:"/2016/04/des-06-1.jpg";s:22:"product_cat_map_img_id";s:29:"/2016/04/landing-turkey-1.png";s:20:"prod_iconbar_cat_val";s:0:"";s:22:"prod_featured_home_val";s:0:"";s:21:"prod_featured_cat_val";s:0:"";s:20:"prod_icomoon_cat_val";s:0:"";s:18:"activity_level_val";s:0:"";}</cat_data>
		<cat_url>https://demo.waituk.com/entrada-default-407</cat_url>
		<cat_img></cat_img>
	</item>
	<item>
		<cat_slug>italy==destination</cat_slug>
		<cat_data>a:15:{s:20:"prod_cat_best_season";s:14:"All Year Round";s:25:"prod_cat_popular_location";s:19:"Colosseum, Pantheon";s:16:"prod_cat_heading";s:17:"Holidays in Italy";s:20:"prod_cat_sub_heading";s:58:"Top Wordpress Theme for Italian Holidays, Tours and Travel";s:18:"prod_cat_sub_title";s:24:"Top Attractions in Italy";s:22:"prod_cat_listing_title";s:14:"Tours in Italy";s:26:"prod_cat_listing_sub_title";s:46:"SEO Mastered Wordpress Theme for Italian Tours";s:22:"prod_cat_dig_more_link";s:11:"About Italy";s:25:"product_cat_banner_img_id";s:28:"//2016/04/europe-landing.jpg";s:22:"product_cat_map_img_id";s:28:"/2016/04/landing-italy-1.png";s:20:"prod_iconbar_cat_val";s:0:"";s:22:"prod_featured_home_val";s:0:"";s:21:"prod_featured_cat_val";s:0:"";s:20:"prod_icomoon_cat_val";s:0:"";s:18:"activity_level_val";s:0:"";}</cat_data>
		<cat_url>https://demo.waituk.com/entrada-default-407</cat_url>
		<cat_img></cat_img>
	</item>
	<item>
		<cat_slug>wildlife-safari==product_cat</cat_slug>
		<cat_data>a:15:{s:20:"prod_cat_best_season";s:23:"May, June, July, August";s:25:"prod_cat_popular_location";s:24:"Botswana, Namibia, India";s:16:"prod_cat_heading";s:29:"Wildlife  and  Jungle Safaris";s:20:"prod_cat_sub_heading";s:37:"Premium Jungle Safari Wordpress Theme";s:18:"prod_cat_sub_title";s:29:"Wildlife  and  Jungle Safaris";s:22:"prod_cat_listing_title";s:15:"Wildlife Themes";s:26:"prod_cat_listing_sub_title";s:59:"Chose from various walking and trekking adventures in 2016.";s:22:"prod_cat_dig_more_link";s:1:"#";s:25:"product_cat_banner_img_id";s:23:"/2016/04/img-12-1-1.jpg";s:22:"product_cat_map_img_id";s:25:"//2016/06/ico-antlers.png";s:20:"prod_iconbar_cat_val";s:4:"_yes";s:22:"prod_featured_home_val";s:0:"";s:21:"prod_featured_cat_val";s:4:"_yes";s:20:"prod_icomoon_cat_val";s:13:"icon-wildlife";s:18:"activity_level_val";s:0:"";}</cat_data>
		<cat_url>https://demo.waituk.com/entrada-default-407</cat_url>
		<cat_img>/2016/04/shutterstock_95584513-1.jpg</cat_img>
	</item>
	<item>
		<cat_slug>mountain-biking==product_cat</cat_slug>
		<cat_data>a:15:{s:20:"prod_cat_best_season";s:14:"All Year Round";s:25:"prod_cat_popular_location";s:24:"Paris, London, Florida, ";s:16:"prod_cat_heading";s:29:"Cycling  and  Mountain Biking";s:20:"prod_cat_sub_heading";s:36:"Best Cycling Wordpress Theme of 2016";s:18:"prod_cat_sub_title";s:19:"Go on Cycling Tours";s:22:"prod_cat_listing_title";s:17:"Top Cycling Tours";s:26:"prod_cat_listing_sub_title";s:29:"Cycling Tours Wordpress Theme";s:22:"prod_cat_dig_more_link";s:1:"#";s:25:"product_cat_banner_img_id";s:37:"//2016/04/mountain-biking-landing.jpg";s:22:"product_cat_map_img_id";s:37:"//2016/06/mountain-biking-landing.png";s:20:"prod_iconbar_cat_val";s:4:"_yes";s:22:"prod_featured_home_val";s:0:"";s:21:"prod_featured_cat_val";s:4:"_yes";s:20:"prod_icomoon_cat_val";s:20:"icon-mountain-biking";s:18:"activity_level_val";s:0:"";}</cat_data>
		<cat_url>https://demo.waituk.com/entrada-default-407</cat_url>
		<cat_img></cat_img>
	</item>
	<item>
		<cat_slug>water==product_cat</cat_slug>
		<cat_data>a:15:{s:20:"prod_cat_best_season";s:14:"Spring, Summer";s:25:"prod_cat_popular_location";s:22:"Miami, Goa, River Bank";s:16:"prod_cat_heading";s:29:"Water Adventures  and  Sports";s:20:"prod_cat_sub_heading";s:36:"Wordpress Theme for Water Adventures";s:18:"prod_cat_sub_title";s:27:"Go Get Adventurous in Water";s:22:"prod_cat_listing_title";s:16:"Water Adventures";s:26:"prod_cat_listing_sub_title";s:43:"Water Sports and Adventures Wordpress Theme";s:22:"prod_cat_dig_more_link";s:1:"#";s:25:"product_cat_banner_img_id";s:27:"//2016/04/water-landing.jpg";s:22:"product_cat_map_img_id";s:36:"//2016/06/landing-water-sports-1.png";s:20:"prod_iconbar_cat_val";s:0:"";s:22:"prod_featured_home_val";s:4:"_yes";s:21:"prod_featured_cat_val";s:0:"";s:20:"prod_icomoon_cat_val";s:10:"icon-water";s:18:"activity_level_val";s:0:"";}</cat_data>
		<cat_url>https://demo.waituk.com/entrada-default-407</cat_url>
		<cat_img>/2016/04/img-09-2-1.jpg</cat_img>
	</item>
</categories>
