<?xml version="1.0"?>
<galleries>
	<item>
		<attach_url>https://demo.waituk.com/entrada-modern-407/wp-content/uploads/sites/2/2017/01/itinerary-shutterstock_369806525.jpg,https://demo.waituk.com/entrada-modern-407/wp-content/uploads/sites/2/2017/01/itinerary-shutterstock_208356901.jpg</attach_url>
		<meta_key>itinerary_gallery_img</meta_key>
		<post_slug>tour-of-hidden-island</post_slug>
		<domain_url>https://demo.waituk.com/entrada-modern-407</domain_url>
	</item>
	<item>
		<attach_url>https://demo.waituk.com/entrada-modern-407/wp-content/uploads/sites/2/2017/01/itinerary-shutterstock_369806525.jpg,https://demo.waituk.com/entrada-modern-407/wp-content/uploads/sites/2/2017/01/itinerary-shutterstock_208356901.jpg</attach_url>
		<meta_key>itinerary_gallery_img</meta_key>
		<post_slug>hiking-trip-to-mountain-x</post_slug>
		<domain_url>https://demo.waituk.com/entrada-modern-407</domain_url>
	</item>
	<item>
		<attach_url>https://demo.waituk.com/entrada-modern-407/wp-content/uploads/sites/2/2017/01/itinerary-shutterstock_369806525.jpg,https://demo.waituk.com/entrada-modern-407/wp-content/uploads/sites/2/2017/01/itinerary-shutterstock_208356901.jpg</attach_url>
		<meta_key>itinerary_gallery_img</meta_key>
		<post_slug>trip-to-white-castle</post_slug>
		<domain_url>https://demo.waituk.com/entrada-modern-407</domain_url>
	</item>
	<item>
		<attach_url>https://demo.waituk.com/entrada-modern-407/wp-content/uploads/sites/2/2017/01/itinerary-shutterstock_369806525.jpg,https://demo.waituk.com/entrada-modern-407/wp-content/uploads/sites/2/2017/01/itinerary-shutterstock_208356901.jpg</attach_url>
		<meta_key>itinerary_gallery_img</meta_key>
		<post_slug>day-tour-of-highland</post_slug>
		<domain_url>https://demo.waituk.com/entrada-modern-407</domain_url>
	</item>
	<item>
		<attach_url>https://demo.waituk.com/entrada-modern-407/wp-content/uploads/sites/2/2017/01/itinerary-shutterstock_369806525.jpg,https://demo.waituk.com/entrada-modern-407/wp-content/uploads/sites/2/2017/01/itinerary-shutterstock_208356901.jpg</attach_url>
		<meta_key>itinerary_gallery_img</meta_key>
		<post_slug>paris-city-tour</post_slug>
		<domain_url>https://demo.waituk.com/entrada-modern-407</domain_url>
	</item>
	<item>
		<attach_url>https://demo.waituk.com/entrada-modern-407/wp-content/uploads/sites/2/2017/01/itinerary-shutterstock_369806525.jpg,https://demo.waituk.com/entrada-modern-407/wp-content/uploads/sites/2/2017/01/itinerary-shutterstock_208356901.jpg</attach_url>
		<meta_key>itinerary_gallery_img</meta_key>
		<post_slug>its-a-jungle-out-there</post_slug>
		<domain_url>https://demo.waituk.com/entrada-modern-407</domain_url>
	</item>
	<item>
		<attach_url>https://demo.waituk.com/entrada-modern-407/wp-content/uploads/sites/2/2017/01/itinerary-shutterstock_369806525.jpg,https://demo.waituk.com/entrada-modern-407/wp-content/uploads/sites/2/2017/01/itinerary-shutterstock_208356901.jpg</attach_url>
		<meta_key>itinerary_gallery_img</meta_key>
		<post_slug>jungle-safari-in-africa</post_slug>
		<domain_url>https://demo.waituk.com/entrada-modern-407</domain_url>
	</item>
	<item>
		<attach_url>https://demo.waituk.com/entrada-modern-407/wp-content/uploads/sites/2/2017/01/itinerary-shutterstock_369806525.jpg,https://demo.waituk.com/entrada-modern-407/wp-content/uploads/sites/2/2017/01/itinerary-shutterstock_208356901.jpg</attach_url>
		<meta_key>itinerary_gallery_img</meta_key>
		<post_slug>bungee-jumping-trip</post_slug>
		<domain_url>https://demo.waituk.com/entrada-modern-407</domain_url>
	</item>
	<item>
		<attach_url>https://demo.waituk.com/entrada-modern-407/wp-content/uploads/sites/2/2017/01/itinerary-shutterstock_369806525.jpg,https://demo.waituk.com/entrada-modern-407/wp-content/uploads/sites/2/2017/01/itinerary-shutterstock_208356901.jpg</attach_url>
		<meta_key>itinerary_gallery_img</meta_key>
		<post_slug>mountain-hiking-tour</post_slug>
		<domain_url>https://demo.waituk.com/entrada-modern-407</domain_url>
	</item>
	<item>
		<attach_url>https://demo.waituk.com/entrada-modern-407/wp-content/uploads/sites/2/2017/01/itinerary-shutterstock_369806525.jpg,https://demo.waituk.com/entrada-modern-407/wp-content/uploads/sites/2/2017/01/itinerary-shutterstock_208356901.jpg</attach_url>
		<meta_key>itinerary_gallery_img</meta_key>
		<post_slug>mountain-biking-trip</post_slug>
		<domain_url>https://demo.waituk.com/entrada-modern-407</domain_url>
	</item>
	<item>
		<attach_url>https://demo.waituk.com/entrada-modern-407/wp-content/uploads/sites/2/2017/01/itinerary-shutterstock_369806525.jpg,https://demo.waituk.com/entrada-modern-407/wp-content/uploads/sites/2/2017/01/itinerary-shutterstock_208356901.jpg</attach_url>
		<meta_key>itinerary_gallery_img</meta_key>
		<post_slug>city-tours-in-europe</post_slug>
		<domain_url>https://demo.waituk.com/entrada-modern-407</domain_url>
	</item>
	<item>
		<attach_url></attach_url>
		<meta_key>itinerary_gallery_img</meta_key>
		<post_slug>wc-bookings-demo__trashed</post_slug>
		<domain_url>https://demo.waituk.com/entrada-modern-407</domain_url>
	</item>
	<item>
		<attach_url>https://demo.waituk.com/entrada-modern-407/wp-content/uploads/sites/2/2017/09/tour-product-09.jpg,https://demo.waituk.com/entrada-modern-407/wp-content/uploads/sites/2/2017/09/tour-product-08.jpg,https://demo.waituk.com/entrada-modern-407/wp-content/uploads/sites/2/2017/09/tour-product-07.jpg,https://demo.waituk.com/entrada-modern-407/wp-content/uploads/sites/2/2017/09/tour-product-06.jpg,https://demo.waituk.com/entrada-modern-407/wp-content/uploads/sites/2/2017/09/tour-product-05.jpg,https://demo.waituk.com/entrada-modern-407/wp-content/uploads/sites/2/2017/09/tour-product-03.jpg,https://demo.waituk.com/entrada-modern-407/wp-content/uploads/sites/2/2017/09/tour-product-01.jpg,https://demo.waituk.com/entrada-modern-407/wp-content/uploads/sites/2/2017/09/tour-product-04.jpg,https://demo.waituk.com/entrada-modern-407/wp-content/uploads/sites/2/2016/05/tour-product-02.jpg</attach_url>
		<meta_key>product_gallery_img</meta_key>
		<post_slug>tour-of-hidden-island</post_slug>
		<domain_url>https://demo.waituk.com/entrada-modern-407</domain_url>
	</item>
	<item>
		<attach_url>https://demo.waituk.com/entrada-modern-407/wp-content/uploads/sites/2/2017/09/tour-product-09.jpg,https://demo.waituk.com/entrada-modern-407/wp-content/uploads/sites/2/2017/09/tour-product-08.jpg,https://demo.waituk.com/entrada-modern-407/wp-content/uploads/sites/2/2017/09/tour-product-07.jpg,https://demo.waituk.com/entrada-modern-407/wp-content/uploads/sites/2/2017/09/tour-product-06.jpg,https://demo.waituk.com/entrada-modern-407/wp-content/uploads/sites/2/2017/09/tour-product-05.jpg,https://demo.waituk.com/entrada-modern-407/wp-content/uploads/sites/2/2017/09/tour-product-03.jpg,https://demo.waituk.com/entrada-modern-407/wp-content/uploads/sites/2/2017/09/tour-product-01.jpg,https://demo.waituk.com/entrada-modern-407/wp-content/uploads/sites/2/2017/09/tour-product-04.jpg,https://demo.waituk.com/entrada-modern-407/wp-content/uploads/sites/2/2016/05/tour-product-02.jpg</attach_url>
		<meta_key>product_gallery_img</meta_key>
		<post_slug>hiking-trip-to-mountain-x</post_slug>
		<domain_url>https://demo.waituk.com/entrada-modern-407</domain_url>
	</item>
	<item>
		<attach_url>https://demo.waituk.com/entrada-modern-407/wp-content/uploads/sites/2/2017/09/tour-product-09.jpg,https://demo.waituk.com/entrada-modern-407/wp-content/uploads/sites/2/2017/09/tour-product-08.jpg,https://demo.waituk.com/entrada-modern-407/wp-content/uploads/sites/2/2017/09/tour-product-07.jpg,https://demo.waituk.com/entrada-modern-407/wp-content/uploads/sites/2/2017/09/tour-product-06.jpg,https://demo.waituk.com/entrada-modern-407/wp-content/uploads/sites/2/2017/09/tour-product-05.jpg,https://demo.waituk.com/entrada-modern-407/wp-content/uploads/sites/2/2017/09/tour-product-03.jpg,https://demo.waituk.com/entrada-modern-407/wp-content/uploads/sites/2/2017/09/tour-product-01.jpg,https://demo.waituk.com/entrada-modern-407/wp-content/uploads/sites/2/2017/09/tour-product-04.jpg,https://demo.waituk.com/entrada-modern-407/wp-content/uploads/sites/2/2016/05/tour-product-02.jpg</attach_url>
		<meta_key>product_gallery_img</meta_key>
		<post_slug>trip-to-white-castle</post_slug>
		<domain_url>https://demo.waituk.com/entrada-modern-407</domain_url>
	</item>
	<item>
		<attach_url>https://demo.waituk.com/entrada-modern-407/wp-content/uploads/sites/2/2017/09/tour-product-09.jpg,https://demo.waituk.com/entrada-modern-407/wp-content/uploads/sites/2/2017/09/tour-product-08.jpg,https://demo.waituk.com/entrada-modern-407/wp-content/uploads/sites/2/2017/09/tour-product-07.jpg,https://demo.waituk.com/entrada-modern-407/wp-content/uploads/sites/2/2017/09/tour-product-06.jpg,https://demo.waituk.com/entrada-modern-407/wp-content/uploads/sites/2/2017/09/tour-product-05.jpg,https://demo.waituk.com/entrada-modern-407/wp-content/uploads/sites/2/2017/09/tour-product-03.jpg,https://demo.waituk.com/entrada-modern-407/wp-content/uploads/sites/2/2017/09/tour-product-01.jpg,https://demo.waituk.com/entrada-modern-407/wp-content/uploads/sites/2/2017/09/tour-product-04.jpg,https://demo.waituk.com/entrada-modern-407/wp-content/uploads/sites/2/2016/05/tour-product-02.jpg</attach_url>
		<meta_key>product_gallery_img</meta_key>
		<post_slug>day-tour-of-highland</post_slug>
		<domain_url>https://demo.waituk.com/entrada-modern-407</domain_url>
	</item>
	<item>
		<attach_url>https://demo.waituk.com/entrada-modern-407/wp-content/uploads/sites/2/2017/09/tour-product-09.jpg,https://demo.waituk.com/entrada-modern-407/wp-content/uploads/sites/2/2017/09/tour-product-08.jpg,https://demo.waituk.com/entrada-modern-407/wp-content/uploads/sites/2/2017/09/tour-product-07.jpg,https://demo.waituk.com/entrada-modern-407/wp-content/uploads/sites/2/2017/09/tour-product-06.jpg,https://demo.waituk.com/entrada-modern-407/wp-content/uploads/sites/2/2017/09/tour-product-05.jpg,https://demo.waituk.com/entrada-modern-407/wp-content/uploads/sites/2/2017/09/tour-product-03.jpg,https://demo.waituk.com/entrada-modern-407/wp-content/uploads/sites/2/2017/09/tour-product-01.jpg,https://demo.waituk.com/entrada-modern-407/wp-content/uploads/sites/2/2017/09/tour-product-04.jpg,https://demo.waituk.com/entrada-modern-407/wp-content/uploads/sites/2/2016/05/tour-product-02.jpg</attach_url>
		<meta_key>product_gallery_img</meta_key>
		<post_slug>paris-city-tour</post_slug>
		<domain_url>https://demo.waituk.com/entrada-modern-407</domain_url>
	</item>
	<item>
		<attach_url>https://demo.waituk.com/entrada-modern-407/wp-content/uploads/sites/2/2017/09/tour-product-09.jpg,https://demo.waituk.com/entrada-modern-407/wp-content/uploads/sites/2/2017/09/tour-product-08.jpg,https://demo.waituk.com/entrada-modern-407/wp-content/uploads/sites/2/2017/09/tour-product-07.jpg,https://demo.waituk.com/entrada-modern-407/wp-content/uploads/sites/2/2017/09/tour-product-06.jpg,https://demo.waituk.com/entrada-modern-407/wp-content/uploads/sites/2/2017/09/tour-product-05.jpg,https://demo.waituk.com/entrada-modern-407/wp-content/uploads/sites/2/2017/09/tour-product-03.jpg,https://demo.waituk.com/entrada-modern-407/wp-content/uploads/sites/2/2017/09/tour-product-01.jpg,https://demo.waituk.com/entrada-modern-407/wp-content/uploads/sites/2/2017/09/tour-product-04.jpg,https://demo.waituk.com/entrada-modern-407/wp-content/uploads/sites/2/2016/05/tour-product-02.jpg</attach_url>
		<meta_key>product_gallery_img</meta_key>
		<post_slug>its-a-jungle-out-there</post_slug>
		<domain_url>https://demo.waituk.com/entrada-modern-407</domain_url>
	</item>
	<item>
		<attach_url>https://demo.waituk.com/entrada-modern-407/wp-content/uploads/sites/2/2017/09/tour-product-09.jpg,https://demo.waituk.com/entrada-modern-407/wp-content/uploads/sites/2/2017/09/tour-product-08.jpg,https://demo.waituk.com/entrada-modern-407/wp-content/uploads/sites/2/2017/09/tour-product-07.jpg,https://demo.waituk.com/entrada-modern-407/wp-content/uploads/sites/2/2017/09/tour-product-06.jpg,https://demo.waituk.com/entrada-modern-407/wp-content/uploads/sites/2/2017/09/tour-product-05.jpg,https://demo.waituk.com/entrada-modern-407/wp-content/uploads/sites/2/2017/09/tour-product-03.jpg,https://demo.waituk.com/entrada-modern-407/wp-content/uploads/sites/2/2017/09/tour-product-01.jpg,https://demo.waituk.com/entrada-modern-407/wp-content/uploads/sites/2/2017/09/tour-product-04.jpg,https://demo.waituk.com/entrada-modern-407/wp-content/uploads/sites/2/2016/05/tour-product-02.jpg</attach_url>
		<meta_key>product_gallery_img</meta_key>
		<post_slug>jungle-safari-in-africa</post_slug>
		<domain_url>https://demo.waituk.com/entrada-modern-407</domain_url>
	</item>
	<item>
		<attach_url>https://demo.waituk.com/entrada-modern-407/wp-content/uploads/sites/2/2017/09/tour-product-09.jpg,https://demo.waituk.com/entrada-modern-407/wp-content/uploads/sites/2/2017/09/tour-product-08.jpg,https://demo.waituk.com/entrada-modern-407/wp-content/uploads/sites/2/2017/09/tour-product-07.jpg,https://demo.waituk.com/entrada-modern-407/wp-content/uploads/sites/2/2017/09/tour-product-06.jpg,https://demo.waituk.com/entrada-modern-407/wp-content/uploads/sites/2/2017/09/tour-product-05.jpg,https://demo.waituk.com/entrada-modern-407/wp-content/uploads/sites/2/2017/09/tour-product-03.jpg,https://demo.waituk.com/entrada-modern-407/wp-content/uploads/sites/2/2017/09/tour-product-01.jpg,https://demo.waituk.com/entrada-modern-407/wp-content/uploads/sites/2/2017/09/tour-product-04.jpg,https://demo.waituk.com/entrada-modern-407/wp-content/uploads/sites/2/2016/05/tour-product-02.jpg</attach_url>
		<meta_key>product_gallery_img</meta_key>
		<post_slug>bungee-jumping-trip</post_slug>
		<domain_url>https://demo.waituk.com/entrada-modern-407</domain_url>
	</item>
	<item>
		<attach_url>https://demo.waituk.com/entrada-modern-407/wp-content/uploads/sites/2/2017/09/tour-product-09.jpg,https://demo.waituk.com/entrada-modern-407/wp-content/uploads/sites/2/2017/09/tour-product-08.jpg,https://demo.waituk.com/entrada-modern-407/wp-content/uploads/sites/2/2017/09/tour-product-07.jpg,https://demo.waituk.com/entrada-modern-407/wp-content/uploads/sites/2/2017/09/tour-product-06.jpg,https://demo.waituk.com/entrada-modern-407/wp-content/uploads/sites/2/2017/09/tour-product-05.jpg,https://demo.waituk.com/entrada-modern-407/wp-content/uploads/sites/2/2017/09/tour-product-03.jpg,https://demo.waituk.com/entrada-modern-407/wp-content/uploads/sites/2/2017/09/tour-product-01.jpg,https://demo.waituk.com/entrada-modern-407/wp-content/uploads/sites/2/2016/05/tour-product-02.jpg,https://demo.waituk.com/entrada-modern-407/wp-content/uploads/sites/2/2017/09/tour-product-04.jpg</attach_url>
		<meta_key>product_gallery_img</meta_key>
		<post_slug>mountain-hiking-tour</post_slug>
		<domain_url>https://demo.waituk.com/entrada-modern-407</domain_url>
	</item>
	<item>
		<attach_url>https://demo.waituk.com/entrada-modern-407/wp-content/uploads/sites/2/2017/09/tour-product-09.jpg,https://demo.waituk.com/entrada-modern-407/wp-content/uploads/sites/2/2017/09/tour-product-08.jpg,https://demo.waituk.com/entrada-modern-407/wp-content/uploads/sites/2/2017/09/tour-product-07.jpg,https://demo.waituk.com/entrada-modern-407/wp-content/uploads/sites/2/2017/09/tour-product-06.jpg,https://demo.waituk.com/entrada-modern-407/wp-content/uploads/sites/2/2017/09/tour-product-05.jpg,https://demo.waituk.com/entrada-modern-407/wp-content/uploads/sites/2/2017/09/tour-product-03.jpg</attach_url>
		<meta_key>product_gallery_img</meta_key>
		<post_slug>mountain-biking-trip</post_slug>
		<domain_url>https://demo.waituk.com/entrada-modern-407</domain_url>
	</item>
	<item>
		<attach_url>https://demo.waituk.com/entrada-modern-407/wp-content/uploads/sites/2/2017/09/tour-product-09.jpg,https://demo.waituk.com/entrada-modern-407/wp-content/uploads/sites/2/2017/09/tour-product-08.jpg,https://demo.waituk.com/entrada-modern-407/wp-content/uploads/sites/2/2017/09/tour-product-07.jpg,https://demo.waituk.com/entrada-modern-407/wp-content/uploads/sites/2/2017/09/tour-product-06.jpg,https://demo.waituk.com/entrada-modern-407/wp-content/uploads/sites/2/2017/09/tour-product-05.jpg,https://demo.waituk.com/entrada-modern-407/wp-content/uploads/sites/2/2017/09/tour-product-03.jpg,https://demo.waituk.com/entrada-modern-407/wp-content/uploads/sites/2/2017/09/tour-product-01.jpg,https://demo.waituk.com/entrada-modern-407/wp-content/uploads/sites/2/2017/09/tour-product-04.jpg,https://demo.waituk.com/entrada-modern-407/wp-content/uploads/sites/2/2016/05/tour-product-02.jpg</attach_url>
		<meta_key>product_gallery_img</meta_key>
		<post_slug>city-tours-in-europe</post_slug>
		<domain_url>https://demo.waituk.com/entrada-modern-407</domain_url>
	</item>
	<item>
		<attach_url></attach_url>
		<meta_key>product_gallery_img</meta_key>
		<post_slug>wc-bookings-demo__trashed</post_slug>
		<domain_url>https://demo.waituk.com/entrada-modern-407</domain_url>
	</item>
</galleries>
