<?xml version="1.0"?>
<categories>
	<item>
		<cat_slug>leisurely==activity_level</cat_slug>
		<cat_data>a:15:{s:20:"prod_cat_best_season";s:0:"";s:25:"prod_cat_popular_location";s:0:"";s:16:"prod_cat_heading";s:0:"";s:20:"prod_cat_sub_heading";s:0:"";s:18:"prod_cat_sub_title";s:0:"";s:22:"prod_cat_listing_title";s:0:"";s:26:"prod_cat_listing_sub_title";s:0:"";s:22:"prod_cat_dig_more_link";s:0:"";s:25:"product_cat_banner_img_id";s:0:"";s:22:"product_cat_map_img_id";s:0:"";s:20:"prod_iconbar_cat_val";s:0:"";s:22:"prod_featured_home_val";s:0:"";s:21:"prod_featured_cat_val";s:0:"";s:20:"prod_icomoon_cat_val";s:0:"";s:18:"activity_level_val";s:1:"1";}</cat_data>
		<cat_url>https://demo.waituk.com/entrada-modern-407</cat_url>
		<cat_img></cat_img>
	</item>
	<item>
		<cat_slug>fairly-easy==activity_level</cat_slug>
		<cat_data>a:15:{s:20:"prod_cat_best_season";s:0:"";s:25:"prod_cat_popular_location";s:0:"";s:16:"prod_cat_heading";s:0:"";s:20:"prod_cat_sub_heading";s:0:"";s:18:"prod_cat_sub_title";s:0:"";s:22:"prod_cat_listing_title";s:0:"";s:26:"prod_cat_listing_sub_title";s:0:"";s:22:"prod_cat_dig_more_link";s:0:"";s:25:"product_cat_banner_img_id";s:0:"";s:22:"product_cat_map_img_id";s:0:"";s:20:"prod_iconbar_cat_val";s:0:"";s:22:"prod_featured_home_val";s:0:"";s:21:"prod_featured_cat_val";s:0:"";s:20:"prod_icomoon_cat_val";s:0:"";s:18:"activity_level_val";s:1:"2";}</cat_data>
		<cat_url>https://demo.waituk.com/entrada-modern-407</cat_url>
		<cat_img></cat_img>
	</item>
	<item>
		<cat_slug>moderate==activity_level</cat_slug>
		<cat_data>a:15:{s:20:"prod_cat_best_season";s:0:"";s:25:"prod_cat_popular_location";s:0:"";s:16:"prod_cat_heading";s:0:"";s:20:"prod_cat_sub_heading";s:0:"";s:18:"prod_cat_sub_title";s:0:"";s:22:"prod_cat_listing_title";s:0:"";s:26:"prod_cat_listing_sub_title";s:0:"";s:22:"prod_cat_dig_more_link";s:0:"";s:25:"product_cat_banner_img_id";s:0:"";s:22:"product_cat_map_img_id";s:0:"";s:20:"prod_iconbar_cat_val";s:0:"";s:22:"prod_featured_home_val";s:0:"";s:21:"prod_featured_cat_val";s:0:"";s:20:"prod_icomoon_cat_val";s:0:"";s:18:"activity_level_val";s:1:"3";}</cat_data>
		<cat_url>https://demo.waituk.com/entrada-modern-407</cat_url>
		<cat_img></cat_img>
	</item>
	<item>
		<cat_slug>strenuous==activity_level</cat_slug>
		<cat_data>a:15:{s:20:"prod_cat_best_season";s:0:"";s:25:"prod_cat_popular_location";s:0:"";s:16:"prod_cat_heading";s:0:"";s:20:"prod_cat_sub_heading";s:0:"";s:18:"prod_cat_sub_title";s:0:"";s:22:"prod_cat_listing_title";s:0:"";s:26:"prod_cat_listing_sub_title";s:0:"";s:22:"prod_cat_dig_more_link";s:0:"";s:25:"product_cat_banner_img_id";s:0:"";s:22:"product_cat_map_img_id";s:0:"";s:20:"prod_iconbar_cat_val";s:0:"";s:22:"prod_featured_home_val";s:0:"";s:21:"prod_featured_cat_val";s:0:"";s:20:"prod_icomoon_cat_val";s:0:"";s:18:"activity_level_val";s:1:"4";}</cat_data>
		<cat_url>https://demo.waituk.com/entrada-modern-407</cat_url>
		<cat_img></cat_img>
	</item>
	<item>
		<cat_slug>challenging==activity_level</cat_slug>
		<cat_data>a:15:{s:20:"prod_cat_best_season";s:0:"";s:25:"prod_cat_popular_location";s:0:"";s:16:"prod_cat_heading";s:0:"";s:20:"prod_cat_sub_heading";s:0:"";s:18:"prod_cat_sub_title";s:0:"";s:22:"prod_cat_listing_title";s:0:"";s:26:"prod_cat_listing_sub_title";s:0:"";s:22:"prod_cat_dig_more_link";s:0:"";s:25:"product_cat_banner_img_id";s:0:"";s:22:"product_cat_map_img_id";s:0:"";s:20:"prod_iconbar_cat_val";s:0:"";s:22:"prod_featured_home_val";s:0:"";s:21:"prod_featured_cat_val";s:0:"";s:20:"prod_icomoon_cat_val";s:0:"";s:18:"activity_level_val";s:1:"5";}</cat_data>
		<cat_url>https://demo.waituk.com/entrada-modern-407</cat_url>
		<cat_img></cat_img>
	</item>
	<item>
		<cat_slug>tough==activity_level</cat_slug>
		<cat_data>a:15:{s:20:"prod_cat_best_season";s:0:"";s:25:"prod_cat_popular_location";s:0:"";s:16:"prod_cat_heading";s:0:"";s:20:"prod_cat_sub_heading";s:0:"";s:18:"prod_cat_sub_title";s:0:"";s:22:"prod_cat_listing_title";s:0:"";s:26:"prod_cat_listing_sub_title";s:0:"";s:22:"prod_cat_dig_more_link";s:0:"";s:25:"product_cat_banner_img_id";s:0:"";s:22:"product_cat_map_img_id";s:0:"";s:20:"prod_iconbar_cat_val";s:0:"";s:22:"prod_featured_home_val";s:0:"";s:21:"prod_featured_cat_val";s:0:"";s:20:"prod_icomoon_cat_val";s:0:"";s:18:"activity_level_val";s:1:"6";}</cat_data>
		<cat_url>https://demo.waituk.com/entrada-modern-407</cat_url>
		<cat_img></cat_img>
	</item>
	<item>
		<cat_slug>ultimate==activity_level</cat_slug>
		<cat_data>a:15:{s:20:"prod_cat_best_season";s:0:"";s:25:"prod_cat_popular_location";s:0:"";s:16:"prod_cat_heading";s:0:"";s:20:"prod_cat_sub_heading";s:0:"";s:18:"prod_cat_sub_title";s:0:"";s:22:"prod_cat_listing_title";s:0:"";s:26:"prod_cat_listing_sub_title";s:0:"";s:22:"prod_cat_dig_more_link";s:0:"";s:25:"product_cat_banner_img_id";s:0:"";s:22:"product_cat_map_img_id";s:0:"";s:20:"prod_iconbar_cat_val";s:0:"";s:22:"prod_featured_home_val";s:0:"";s:21:"prod_featured_cat_val";s:0:"";s:20:"prod_icomoon_cat_val";s:0:"";s:18:"activity_level_val";s:1:"8";}</cat_data>
		<cat_url>https://demo.waituk.com/entrada-modern-407</cat_url>
		<cat_img></cat_img>
	</item>
	<item>
		<cat_slug>canada==destination</cat_slug>
		<cat_data>a:15:{s:20:"prod_cat_best_season";s:12:"Winter, Fall";s:25:"prod_cat_popular_location";s:23:"Banff, Victoria, Ottawa";s:16:"prod_cat_heading";s:6:"Canada";s:20:"prod_cat_sub_heading";s:31:"Top Canadian tours at fingertip";s:18:"prod_cat_sub_title";s:14:"Best of Canada";s:22:"prod_cat_listing_title";s:15:"Tours in Canada";s:26:"prod_cat_listing_sub_title";s:47:"SEO Mastered Wordpress Theme for Canadian Tours";s:22:"prod_cat_dig_more_link";s:1:"#";s:25:"product_cat_banner_img_id";s:36:"//2016/04/shutterstock_513930043.jpg";s:22:"product_cat_map_img_id";s:29:"//2016/04/illustration-01.svg";s:20:"prod_iconbar_cat_val";s:0:"";s:22:"prod_featured_home_val";s:0:"";s:21:"prod_featured_cat_val";s:0:"";s:20:"prod_icomoon_cat_val";s:0:"";s:18:"activity_level_val";s:0:"";}</cat_data>
		<cat_url>https://demo.waituk.com/entrada-modern-407</cat_url>
		<cat_img></cat_img>
	</item>
	<item>
		<cat_slug>australia==destination</cat_slug>
		<cat_data>a:15:{s:20:"prod_cat_best_season";s:11:"May - March";s:25:"prod_cat_popular_location";s:26:"Gold Coast, Hobart, Cairns";s:16:"prod_cat_heading";s:21:"Holidays in Australia";s:20:"prod_cat_sub_heading";s:20:"Best Australia Tours";s:18:"prod_cat_sub_title";s:15:"Top Attractions";s:22:"prod_cat_listing_title";s:9:"Australia";s:26:"prod_cat_listing_sub_title";s:49:"SEO Mastered Wordpress Theme for Australian Tours";s:22:"prod_cat_dig_more_link";s:1:"#";s:25:"product_cat_banner_img_id";s:32:"//2016/04/search-result-bg-1.jpg";s:22:"product_cat_map_img_id";s:35:"//2016/04/undraw_travelers_qlt1.svg";s:20:"prod_iconbar_cat_val";s:0:"";s:22:"prod_featured_home_val";s:0:"";s:21:"prod_featured_cat_val";s:0:"";s:20:"prod_icomoon_cat_val";s:0:"";s:18:"activity_level_val";s:0:"";}</cat_data>
		<cat_url>https://demo.waituk.com/entrada-modern-407</cat_url>
		<cat_img></cat_img>
	</item>
	<item>
		<cat_slug>city-tours==product_cat</cat_slug>
		<cat_data>a:15:{s:20:"prod_cat_best_season";s:15:"May, June, July";s:25:"prod_cat_popular_location";s:22:"London, Paris, Seattle";s:16:"prod_cat_heading";s:20:"City Tours in Europe";s:20:"prod_cat_sub_heading";s:35:"One Day City Tours in Top Locations";s:18:"prod_cat_sub_title";s:31:"Classic City Tours with Entrada";s:22:"prod_cat_listing_title";s:15:"City Tours 2017";s:26:"prod_cat_listing_sub_title";s:29:"Find best city tours in world";s:22:"prod_cat_dig_more_link";s:0:"";s:25:"product_cat_banner_img_id";s:28:"//2016/04/page-banner-14.jpg";s:22:"product_cat_map_img_id";s:29:"//2016/04/illustration-01.svg";s:20:"prod_iconbar_cat_val";s:4:"_yes";s:22:"prod_featured_home_val";s:0:"";s:21:"prod_featured_cat_val";s:4:"_yes";s:20:"prod_icomoon_cat_val";s:11:"icon-eiffel";s:18:"activity_level_val";s:0:"";}</cat_data>
		<cat_url>https://demo.waituk.com/entrada-modern-407</cat_url>
		<cat_img>/2016/04/cat-shutterstock_189863267.jpg</cat_img>
	</item>
	<item>
		<cat_slug>beach==product_cat</cat_slug>
		<cat_data>a:15:{s:20:"prod_cat_best_season";s:15:"May, June, July";s:25:"prod_cat_popular_location";s:30:"Brighton, Florida, Goa, Phuket";s:16:"prod_cat_heading";s:5:"Beach";s:20:"prod_cat_sub_heading";s:47:"Best Beach  and  Summer Holiday Wordpress Theme";s:18:"prod_cat_sub_title";s:22:"Beach Holidays of 2017";s:22:"prod_cat_listing_title";s:20:"Beach / Summer Theme";s:26:"prod_cat_listing_sub_title";s:35:"Best Beach Holidays in Summer of 17";s:22:"prod_cat_dig_more_link";s:1:"#";s:25:"product_cat_banner_img_id";s:28:"//2019/07/page-banner-07.jpg";s:22:"product_cat_map_img_id";s:35:"//2016/04/undraw_travelers_qlt1.svg";s:20:"prod_iconbar_cat_val";s:4:"_yes";s:22:"prod_featured_home_val";s:0:"";s:21:"prod_featured_cat_val";s:4:"_yes";s:20:"prod_icomoon_cat_val";s:14:"icon-foot-step";s:18:"activity_level_val";s:0:"";}</cat_data>
		<cat_url>https://demo.waituk.com/entrada-modern-407</cat_url>
		<cat_img>/2016/04/cat-shutterstock_327711710.jpg</cat_img>
	</item>
	<item>
		<cat_slug>bungee-jump==product_cat</cat_slug>
		<cat_data>a:15:{s:20:"prod_cat_best_season";s:15:"May, June, July";s:25:"prod_cat_popular_location";s:26:"Queenstown, Victoria Falls";s:16:"prod_cat_heading";s:14:"Bungee Jumping";s:20:"prod_cat_sub_heading";s:20:"Bungee Jumping Trips";s:18:"prod_cat_sub_title";s:11:"Bungee Jump";s:22:"prod_cat_listing_title";s:20:"Bungee Jumping trips";s:26:"prod_cat_listing_sub_title";s:41:"Find the Most Daring Bungee Jumping Trips";s:22:"prod_cat_dig_more_link";s:1:"#";s:25:"product_cat_banner_img_id";s:28:"//2016/04/page-banner-21.jpg";s:22:"product_cat_map_img_id";s:29:"//2016/04/illustration-01.svg";s:20:"prod_iconbar_cat_val";s:4:"_yes";s:22:"prod_featured_home_val";s:0:"";s:21:"prod_featured_cat_val";s:4:"_yes";s:20:"prod_icomoon_cat_val";s:11:"icon-bungee";s:18:"activity_level_val";s:0:"";}</cat_data>
		<cat_url>https://demo.waituk.com/entrada-modern-407</cat_url>
		<cat_img>/2016/04/cat-shutterstock_327711710.jpg</cat_img>
	</item>
	<item>
		<cat_slug>desert==product_cat</cat_slug>
		<cat_data>a:15:{s:20:"prod_cat_best_season";s:20:"Winter, Summer, Fall";s:25:"prod_cat_popular_location";s:21:"Sahara, Africa, India";s:16:"prod_cat_heading";s:6:"Desert";s:20:"prod_cat_sub_heading";s:30:"Desert Holiday Wordpress Theme";s:18:"prod_cat_sub_title";s:15:"Desert Holidays";s:22:"prod_cat_listing_title";s:12:"Desert Theme";s:26:"prod_cat_listing_sub_title";s:0:"";s:22:"prod_cat_dig_more_link";s:1:"#";s:25:"product_cat_banner_img_id";s:28:"//2016/04/page-banner-21.jpg";s:22:"product_cat_map_img_id";s:29:"//2016/04/illustration-01.svg";s:20:"prod_iconbar_cat_val";s:0:"";s:22:"prod_featured_home_val";s:4:"_yes";s:21:"prod_featured_cat_val";s:4:"_yes";s:20:"prod_icomoon_cat_val";s:11:"icon-desert";s:18:"activity_level_val";s:0:"";}</cat_data>
		<cat_url>https://demo.waituk.com/entrada-modern-407</cat_url>
		<cat_img>/2016/04/shutterstock_382762213.jpg</cat_img>
	</item>
	<item>
		<cat_slug>hiking-trips==product_cat</cat_slug>
		<cat_data>a:15:{s:20:"prod_cat_best_season";s:12:"Winter, Fall";s:25:"prod_cat_popular_location";s:27:"Nepal, Tibet, Bhutan, India";s:16:"prod_cat_heading";s:20:"Hiking  and  Camping";s:20:"prod_cat_sub_heading";s:23:"Modern Adventure theme!";s:18:"prod_cat_sub_title";s:17:"Trekking Holidays";s:22:"prod_cat_listing_title";s:14:"Trekking Tours";s:26:"prod_cat_listing_sub_title";s:0:"";s:22:"prod_cat_dig_more_link";s:1:"#";s:25:"product_cat_banner_img_id";s:28:"//2016/04/page-banner-21.jpg";s:22:"product_cat_map_img_id";s:35:"//2016/04/undraw_travelers_qlt1.svg";s:20:"prod_iconbar_cat_val";s:4:"_yes";s:22:"prod_featured_home_val";s:0:"";s:21:"prod_featured_cat_val";s:4:"_yes";s:20:"prod_icomoon_cat_val";s:19:"icon-hiking-camping";s:18:"activity_level_val";s:0:"";}</cat_data>
		<cat_url>https://demo.waituk.com/entrada-modern-407</cat_url>
		<cat_img>/2016/04/cat-shutterstock_208356901.jpg</cat_img>
	</item>
	<item>
		<cat_slug>hunting-trip==product_cat</cat_slug>
		<cat_data>a:15:{s:20:"prod_cat_best_season";s:23:"May, June, July, August";s:25:"prod_cat_popular_location";s:25:"Namibia, Angola, Zimbabwe";s:16:"prod_cat_heading";s:19:"World Hunting Tours";s:20:"prod_cat_sub_heading";s:35:"Hunting and Fishing Wordpress Theme";s:18:"prod_cat_sub_title";s:25:"Top Hunting Trips of 2016";s:22:"prod_cat_listing_title";s:21:"Hunting  and  Fishing";s:26:"prod_cat_listing_sub_title";s:35:"Hinting and Fishing Wordpress Theme";s:22:"prod_cat_dig_more_link";s:1:"#";s:25:"product_cat_banner_img_id";s:0:"";s:22:"product_cat_map_img_id";s:0:"";s:20:"prod_iconbar_cat_val";s:4:"_yes";s:22:"prod_featured_home_val";s:0:"";s:21:"prod_featured_cat_val";s:4:"_yes";s:20:"prod_icomoon_cat_val";s:12:"icon-hunting";s:18:"activity_level_val";s:0:"";}</cat_data>
		<cat_url>https://demo.waituk.com/entrada-modern-407</cat_url>
		<cat_img>/2016/04/cat-shutterstock_163224242.jpg</cat_img>
	</item>
	<item>
		<cat_slug>iconic==product_cat</cat_slug>
		<cat_data>a:15:{s:20:"prod_cat_best_season";s:14:"All Year Round";s:25:"prod_cat_popular_location";s:28:"Paris, Munich, London, Miami";s:16:"prod_cat_heading";s:17:"Iconic Landscapes";s:20:"prod_cat_sub_heading";s:15:"Iconic Holidays";s:18:"prod_cat_sub_title";s:19:"Scenic Iconic Tours";s:22:"prod_cat_listing_title";s:20:"Iconic Ancient Tours";s:26:"prod_cat_listing_sub_title";s:26:"Find the Best Iconic Tours";s:22:"prod_cat_dig_more_link";s:1:"#";s:25:"product_cat_banner_img_id";s:28:"//2016/04/page-banner-21.jpg";s:22:"product_cat_map_img_id";s:29:"//2016/04/illustration-01.svg";s:20:"prod_iconbar_cat_val";s:0:"";s:22:"prod_featured_home_val";s:4:"_yes";s:21:"prod_featured_cat_val";s:4:"_yes";s:20:"prod_icomoon_cat_val";s:10:"icon-urban";s:18:"activity_level_val";s:0:"";}</cat_data>
		<cat_url>https://demo.waituk.com/entrada-modern-407</cat_url>
		<cat_img>/2016/04/cat-shutterstock_112137761.jpg</cat_img>
	</item>
	<item>
		<cat_slug>jungle==product_cat</cat_slug>
		<cat_data>a:15:{s:20:"prod_cat_best_season";s:23:"May, June, July, August";s:25:"prod_cat_popular_location";s:20:"Africa, India, Nepal";s:16:"prod_cat_heading";s:13:"Jungle Safari";s:20:"prod_cat_sub_heading";s:26:"Jungle Safari and Wildlife";s:18:"prod_cat_sub_title";s:22:"Jungle Safaris in 2019";s:22:"prod_cat_listing_title";s:14:"Jungle Safaris";s:26:"prod_cat_listing_sub_title";s:0:"";s:22:"prod_cat_dig_more_link";s:1:"#";s:25:"product_cat_banner_img_id";s:28:"//2016/04/page-banner-21.jpg";s:22:"product_cat_map_img_id";s:34:"//2016/04/undraw_campfire_s6y4.svg";s:20:"prod_iconbar_cat_val";s:4:"_yes";s:22:"prod_featured_home_val";s:4:"_yes";s:21:"prod_featured_cat_val";s:4:"_yes";s:20:"prod_icomoon_cat_val";s:11:"icon-jungle";s:18:"activity_level_val";s:0:"";}</cat_data>
		<cat_url>https://demo.waituk.com/entrada-modern-407</cat_url>
		<cat_img>/2016/04/shutterstock_382762213.jpg</cat_img>
	</item>
	<item>
		<cat_slug>mountain==product_cat</cat_slug>
		<cat_data>a:15:{s:20:"prod_cat_best_season";s:12:"Winter, Fall";s:25:"prod_cat_popular_location";s:28:"Mt. Everest, Annapurna, Alps";s:16:"prod_cat_heading";s:17:"Mountain Trekking";s:20:"prod_cat_sub_heading";s:27:"Trekking and Mountain Tours";s:18:"prod_cat_sub_title";s:21:"Mountains are Calling";s:22:"prod_cat_listing_title";s:14:"Trekking Tours";s:26:"prod_cat_listing_sub_title";s:0:"";s:22:"prod_cat_dig_more_link";s:1:"#";s:25:"product_cat_banner_img_id";s:28:"//2016/04/page-banner-18.jpg";s:22:"product_cat_map_img_id";s:35:"//2016/04/undraw_travelers_qlt1.svg";s:20:"prod_iconbar_cat_val";s:0:"";s:22:"prod_featured_home_val";s:4:"_yes";s:21:"prod_featured_cat_val";s:4:"_yes";s:20:"prod_icomoon_cat_val";s:10:"icon-mount";s:18:"activity_level_val";s:0:"";}</cat_data>
		<cat_url>https://demo.waituk.com/entrada-modern-407</cat_url>
		<cat_img>/2016/04/shutterstock_575488504.jpg</cat_img>
	</item>
	<item>
		<cat_slug>safari==product_cat</cat_slug>
		<cat_data>a:15:{s:20:"prod_cat_best_season";s:23:"May, June, July, August";s:25:"prod_cat_popular_location";s:24:"Botswana, Namibia, India";s:16:"prod_cat_heading";s:21:"Wildlife  and Safaris";s:20:"prod_cat_sub_heading";s:37:"Premium Jungle Safari Wordpress Theme";s:18:"prod_cat_sub_title";s:21:"Wildlife  and  Jungle";s:22:"prod_cat_listing_title";s:15:"Wildlife Themes";s:26:"prod_cat_listing_sub_title";s:0:"";s:22:"prod_cat_dig_more_link";s:1:"#";s:25:"product_cat_banner_img_id";s:28:"//2016/04/page-banner-21.jpg";s:22:"product_cat_map_img_id";s:29:"//2016/04/illustration-01.svg";s:20:"prod_iconbar_cat_val";s:4:"_yes";s:22:"prod_featured_home_val";s:0:"";s:21:"prod_featured_cat_val";s:4:"_yes";s:20:"prod_icomoon_cat_val";s:13:"icon-wildlife";s:18:"activity_level_val";s:0:"";}</cat_data>
		<cat_url>https://demo.waituk.com/entrada-modern-407</cat_url>
		<cat_img>/2016/04/cat-shutterstock_327711710.jpg</cat_img>
	</item>
	<item>
		<cat_slug>cycling==product_cat</cat_slug>
		<cat_data>a:15:{s:20:"prod_cat_best_season";s:14:"All Year Round";s:25:"prod_cat_popular_location";s:24:"Paris, London, Florida, ";s:16:"prod_cat_heading";s:29:"Cycling  and  Mountain Biking";s:20:"prod_cat_sub_heading";s:36:"Best Cycling Wordpress Theme of 2016";s:18:"prod_cat_sub_title";s:19:"Go on Cycling Tours";s:22:"prod_cat_listing_title";s:17:"Top Cycling Tours";s:26:"prod_cat_listing_sub_title";s:29:"Cycling Tours Wordpress Theme";s:22:"prod_cat_dig_more_link";s:1:"#";s:25:"product_cat_banner_img_id";s:28:"//2016/04/page-banner-21.jpg";s:22:"product_cat_map_img_id";s:29:"//2016/04/illustration-01.svg";s:20:"prod_iconbar_cat_val";s:0:"";s:22:"prod_featured_home_val";s:4:"_yes";s:21:"prod_featured_cat_val";s:4:"_yes";s:20:"prod_icomoon_cat_val";s:20:"icon-mountain-biking";s:18:"activity_level_val";s:0:"";}</cat_data>
		<cat_url>https://demo.waituk.com/entrada-modern-407</cat_url>
		<cat_img></cat_img>
	</item>
	<item>
		<cat_slug>rural==product_cat</cat_slug>
		<cat_data>a:15:{s:20:"prod_cat_best_season";s:25:"March, April, May, August";s:25:"prod_cat_popular_location";s:22:"Madrid, Bhamas, Phuket";s:16:"prod_cat_heading";s:5:"Rural";s:20:"prod_cat_sub_heading";s:24:"Farming Life Experiences";s:18:"prod_cat_sub_title";s:22:"Rural Life and Culture";s:22:"prod_cat_listing_title";s:11:"Rural Tours";s:26:"prod_cat_listing_sub_title";s:38:"Find the best rural experience in 2016";s:22:"prod_cat_dig_more_link";s:1:"#";s:25:"product_cat_banner_img_id";s:32:"//2016/04/search-result-bg-1.jpg";s:22:"product_cat_map_img_id";s:35:"//2016/04/undraw_travelers_qlt1.svg";s:20:"prod_iconbar_cat_val";s:0:"";s:22:"prod_featured_home_val";s:4:"_yes";s:21:"prod_featured_cat_val";s:0:"";s:20:"prod_icomoon_cat_val";s:9:"icon-bird";s:18:"activity_level_val";s:0:"";}</cat_data>
		<cat_url>https://demo.waituk.com/entrada-modern-407</cat_url>
		<cat_img>/2016/04/cat-shutterstock_208356901.jpg</cat_img>
	</item>
	<item>
		<cat_slug>sailing-trips==product_cat</cat_slug>
		<cat_data>a:15:{s:20:"prod_cat_best_season";s:14:"Spring, Summer";s:25:"prod_cat_popular_location";s:24:"France, Germany, USA, UK";s:16:"prod_cat_heading";s:28:"Sailing  and  Cruising Tours";s:20:"prod_cat_sub_heading";s:33:"Top Sailing Tours Wordpress Theme";s:18:"prod_cat_sub_title";s:26:"Best Sailing Tours of 2016";s:22:"prod_cat_listing_title";s:13:"Sailing Trips";s:26:"prod_cat_listing_sub_title";s:31:"Find most popular sailing trips";s:22:"prod_cat_dig_more_link";s:1:"#";s:25:"product_cat_banner_img_id";s:28:"//2019/07/page-banner-09.jpg";s:22:"product_cat_map_img_id";s:29:"//2016/04/illustration-01.svg";s:20:"prod_iconbar_cat_val";s:0:"";s:22:"prod_featured_home_val";s:4:"_yes";s:21:"prod_featured_cat_val";s:0:"";s:20:"prod_icomoon_cat_val";s:12:"icon-boating";s:18:"activity_level_val";s:0:"";}</cat_data>
		<cat_url>https://demo.waituk.com/entrada-modern-407</cat_url>
		<cat_img>/2016/04/cat-shutterstock_517997878.jpg</cat_img>
	</item>
	<item>
		<cat_slug>scuba-diving==product_cat</cat_slug>
		<cat_data>a:15:{s:20:"prod_cat_best_season";s:20:"Summer, Winter, Fall";s:25:"prod_cat_popular_location";s:7:"Oceania";s:16:"prod_cat_heading";s:18:"Scuba Diving Trips";s:20:"prod_cat_sub_heading";s:28:"Scuba Diving Wordpress Theme";s:18:"prod_cat_sub_title";s:26:"Best of Scuba Diving Trips";s:22:"prod_cat_listing_title";s:12:"Scuba Diving";s:26:"prod_cat_listing_sub_title";s:38:"Top rated scuba diving wordpress theme";s:22:"prod_cat_dig_more_link";s:38:"Top rated scuba diving wordpress theme";s:25:"product_cat_banner_img_id";s:28:"//2016/04/page-banner-21.jpg";s:22:"product_cat_map_img_id";s:29:"//2016/04/illustration-01.svg";s:20:"prod_iconbar_cat_val";s:4:"_yes";s:22:"prod_featured_home_val";s:0:"";s:21:"prod_featured_cat_val";s:4:"_yes";s:20:"prod_icomoon_cat_val";s:17:"icon-scuba-diving";s:18:"activity_level_val";s:0:"";}</cat_data>
		<cat_url>https://demo.waituk.com/entrada-modern-407</cat_url>
		<cat_img>/2016/04/cat-shutterstock_360495383.jpg</cat_img>
	</item>
	<item>
		<cat_slug>snow-ice==product_cat</cat_slug>
		<cat_data>a:15:{s:20:"prod_cat_best_season";s:20:"Winter, Fall, Spring";s:25:"prod_cat_popular_location";s:22:"Italy, France, Germany";s:16:"prod_cat_heading";s:28:"Winter Adventure  and  Tours";s:20:"prod_cat_sub_heading";s:30:"Snow and Ice in Winter of 2016";s:18:"prod_cat_sub_title";s:14:"Snowy Mountain";s:22:"prod_cat_listing_title";s:12:"Winter Tours";s:26:"prod_cat_listing_sub_title";s:0:"";s:22:"prod_cat_dig_more_link";s:1:"#";s:25:"product_cat_banner_img_id";s:28:"//2016/04/page-banner-20.jpg";s:22:"product_cat_map_img_id";s:29:"//2016/04/illustration-01.svg";s:20:"prod_iconbar_cat_val";s:4:"_yes";s:22:"prod_featured_home_val";s:4:"_yes";s:21:"prod_featured_cat_val";s:0:"";s:20:"prod_icomoon_cat_val";s:13:"icon-snow-ice";s:18:"activity_level_val";s:0:"";}</cat_data>
		<cat_url>https://demo.waituk.com/entrada-modern-407</cat_url>
		<cat_img>/2016/04/cat-shutterstock_358226087.jpg</cat_img>
	</item>
	<item>
		<cat_slug>urban==product_cat</cat_slug>
		<cat_data>a:15:{s:20:"prod_cat_best_season";s:14:"All Year Round";s:25:"prod_cat_popular_location";s:29:"Paris, New York, Rome, Munich";s:16:"prod_cat_heading";s:16:"Urban City Tours";s:20:"prod_cat_sub_heading";s:34:"City Tours Wordpress Theme of 2016";s:18:"prod_cat_sub_title";s:32:"Urban City Tours Wordpress Theme";s:22:"prod_cat_listing_title";s:10:"City Tours";s:26:"prod_cat_listing_sub_title";s:33:"Our Most Popular Urban City Tours";s:22:"prod_cat_dig_more_link";s:1:"#";s:25:"product_cat_banner_img_id";s:36:"//2016/05/shutterstock_565946932.jpg";s:22:"product_cat_map_img_id";s:29:"//2016/04/illustration-01.svg";s:20:"prod_iconbar_cat_val";s:0:"";s:22:"prod_featured_home_val";s:4:"_yes";s:21:"prod_featured_cat_val";s:0:"";s:20:"prod_icomoon_cat_val";s:16:"icon-palm-tree-1";s:18:"activity_level_val";s:0:"";}</cat_data>
		<cat_url>https://demo.waituk.com/entrada-modern-407</cat_url>
		<cat_img>/2016/04/cat-shutterstock_189863267.jpg</cat_img>
	</item>
	<item>
		<cat_slug>extreme==activity_level</cat_slug>
		<cat_data>a:15:{s:20:"prod_cat_best_season";s:0:"";s:25:"prod_cat_popular_location";s:0:"";s:16:"prod_cat_heading";s:0:"";s:20:"prod_cat_sub_heading";s:0:"";s:18:"prod_cat_sub_title";s:0:"";s:22:"prod_cat_listing_title";s:0:"";s:26:"prod_cat_listing_sub_title";s:0:"";s:22:"prod_cat_dig_more_link";s:0:"";s:25:"product_cat_banner_img_id";s:0:"";s:22:"product_cat_map_img_id";s:0:"";s:20:"prod_iconbar_cat_val";s:0:"";s:22:"prod_featured_home_val";s:0:"";s:21:"prod_featured_cat_val";s:0:"";s:20:"prod_icomoon_cat_val";s:0:"";s:18:"activity_level_val";s:1:"7";}</cat_data>
		<cat_url>https://demo.waituk.com/entrada-modern-407</cat_url>
		<cat_img></cat_img>
	</item>
	<item>
		<cat_slug>ethiopia==destination</cat_slug>
		<cat_data>a:15:{s:20:"prod_cat_best_season";s:23:"May, June, July, August";s:25:"prod_cat_popular_location";s:16:"Omg River Region";s:16:"prod_cat_heading";s:20:"Holidays in Ethiopia";s:20:"prod_cat_sub_heading";s:16:"Best of Ethiopia";s:18:"prod_cat_sub_title";s:15:"Top Attractions";s:22:"prod_cat_listing_title";s:17:"Ethiopia Holidays";s:26:"prod_cat_listing_sub_title";s:0:"";s:22:"prod_cat_dig_more_link";s:39:"http://www.waituk.net/themes/wp/entrada";s:25:"product_cat_banner_img_id";s:36:"//2016/05/shutterstock_565946932.jpg";s:22:"product_cat_map_img_id";s:35:"//2016/04/undraw_travelers_qlt1.svg";s:20:"prod_iconbar_cat_val";s:0:"";s:22:"prod_featured_home_val";s:0:"";s:21:"prod_featured_cat_val";s:0:"";s:20:"prod_icomoon_cat_val";s:0:"";s:18:"activity_level_val";s:0:"";}</cat_data>
		<cat_url>https://demo.waituk.com/entrada-modern-407</cat_url>
		<cat_img></cat_img>
	</item>
	<item>
		<cat_slug>africa==destination</cat_slug>
		<cat_data>a:15:{s:20:"prod_cat_best_season";s:14:"All Year Round";s:25:"prod_cat_popular_location";s:27:"Morocco, Tanzania, Ethiopia";s:16:"prod_cat_heading";s:18:"Holidays in Africa";s:20:"prod_cat_sub_heading";s:18:"Best African Tours";s:18:"prod_cat_sub_title";s:15:"Top Attractions";s:22:"prod_cat_listing_title";s:10:"All Africa";s:26:"prod_cat_listing_sub_title";s:0:"";s:22:"prod_cat_dig_more_link";s:39:"http://www.waituk.net/themes/wp/entrada";s:25:"product_cat_banner_img_id";s:36:"//2016/05/shutterstock_565946932.jpg";s:22:"product_cat_map_img_id";s:35:"//2016/04/undraw_travelers_qlt1.svg";s:20:"prod_iconbar_cat_val";s:0:"";s:22:"prod_featured_home_val";s:0:"";s:21:"prod_featured_cat_val";s:0:"";s:20:"prod_icomoon_cat_val";s:11:"icon-africa";s:18:"activity_level_val";s:0:"";}</cat_data>
		<cat_url>https://demo.waituk.com/entrada-modern-407</cat_url>
		<cat_img></cat_img>
	</item>
	<item>
		<cat_slug>greece==destination</cat_slug>
		<cat_data>a:15:{s:20:"prod_cat_best_season";s:22:"Spring, Summer, Winter";s:25:"prod_cat_popular_location";s:29:"Santorini, Acropolis, Mykonos";s:16:"prod_cat_heading";s:18:"Holidays in Greece";s:20:"prod_cat_sub_heading";s:32:"Wordpress Theme for Greece Tours";s:18:"prod_cat_sub_title";s:24:"Greek Holidays and Tours";s:22:"prod_cat_listing_title";s:6:"Greece";s:26:"prod_cat_listing_sub_title";s:0:"";s:22:"prod_cat_dig_more_link";s:39:"http://www.waituk.net/themes/wp/entrada";s:25:"product_cat_banner_img_id";s:28:"//2016/04/page-banner-17.jpg";s:22:"product_cat_map_img_id";s:35:"//2016/04/undraw_travelers_qlt1.svg";s:20:"prod_iconbar_cat_val";s:0:"";s:22:"prod_featured_home_val";s:0:"";s:21:"prod_featured_cat_val";s:0:"";s:20:"prod_icomoon_cat_val";s:0:"";s:18:"activity_level_val";s:0:"";}</cat_data>
		<cat_url>https://demo.waituk.com/entrada-modern-407</cat_url>
		<cat_img></cat_img>
	</item>
	<item>
		<cat_slug>germany==destination</cat_slug>
		<cat_data>a:15:{s:20:"prod_cat_best_season";s:14:"All Year Round";s:25:"prod_cat_popular_location";s:31:"Holstentor, Oktoberfest, Lindau";s:16:"prod_cat_heading";s:7:"Germany";s:20:"prod_cat_sub_heading";s:51:"Wordpress Theme for Tours  and  Holidays in Germany";s:18:"prod_cat_sub_title";s:26:"Top Attractions in Germany";s:22:"prod_cat_listing_title";s:13:"Germany Tours";s:26:"prod_cat_listing_sub_title";s:46:"SEO Mastered Wordpress Theme for Germany Tours";s:22:"prod_cat_dig_more_link";s:39:"http://www.waituk.net/themes/wp/entrada";s:25:"product_cat_banner_img_id";s:28:"//2016/04/page-banner-21.jpg";s:22:"product_cat_map_img_id";s:36:"//2016/04/undraw_smartwatch_74tv.svg";s:20:"prod_iconbar_cat_val";s:0:"";s:22:"prod_featured_home_val";s:0:"";s:21:"prod_featured_cat_val";s:0:"";s:20:"prod_icomoon_cat_val";s:0:"";s:18:"activity_level_val";s:0:"";}</cat_data>
		<cat_url>https://demo.waituk.com/entrada-modern-407</cat_url>
		<cat_img></cat_img>
	</item>
	<item>
		<cat_slug>united-kingdom==destination</cat_slug>
		<cat_data>a:15:{s:20:"prod_cat_best_season";s:14:"Summer, Winter";s:25:"prod_cat_popular_location";s:22:"Guildford, Stone Henge";s:16:"prod_cat_heading";s:14:"United Kingdom";s:20:"prod_cat_sub_heading";s:26:"Tours  and  Holidays in UK";s:18:"prod_cat_sub_title";s:15:"Top Attractions";s:22:"prod_cat_listing_title";s:13:"Visit Britain";s:26:"prod_cat_listing_sub_title";s:0:"";s:22:"prod_cat_dig_more_link";s:39:"http://www.waituk.net/themes/wp/entrada";s:25:"product_cat_banner_img_id";s:28:"//2016/04/page-banner-21.jpg";s:22:"product_cat_map_img_id";s:36:"//2016/04/undraw_smartwatch_74tv.svg";s:20:"prod_iconbar_cat_val";s:0:"";s:22:"prod_featured_home_val";s:0:"";s:21:"prod_featured_cat_val";s:0:"";s:20:"prod_icomoon_cat_val";s:0:"";s:18:"activity_level_val";s:0:"";}</cat_data>
		<cat_url>https://demo.waituk.com/entrada-modern-407</cat_url>
		<cat_img></cat_img>
	</item>
	<item>
		<cat_slug>france==destination</cat_slug>
		<cat_data>a:15:{s:20:"prod_cat_best_season";s:14:"All Year Round";s:25:"prod_cat_popular_location";s:21:"Paris, French Riviera";s:16:"prod_cat_heading";s:18:"Holidays in France";s:20:"prod_cat_sub_heading";s:59:"Top Wordpress Theme for French Holidays, Tours  and  Travel";s:18:"prod_cat_sub_title";s:25:"Top Attractions in France";s:22:"prod_cat_listing_title";s:15:"Tours in France";s:26:"prod_cat_listing_sub_title";s:45:"SEO Mastered Wordpress Theme for France Tours";s:22:"prod_cat_dig_more_link";s:1:"#";s:25:"product_cat_banner_img_id";s:28:"//2016/04/page-banner-21.jpg";s:22:"product_cat_map_img_id";s:29:"//2016/04/illustration-01.svg";s:20:"prod_iconbar_cat_val";s:0:"";s:22:"prod_featured_home_val";s:0:"";s:21:"prod_featured_cat_val";s:0:"";s:20:"prod_icomoon_cat_val";s:0:"";s:18:"activity_level_val";s:0:"";}</cat_data>
		<cat_url>https://demo.waituk.com/entrada-modern-407</cat_url>
		<cat_img></cat_img>
	</item>
	<item>
		<cat_slug>spain==destination</cat_slug>
		<cat_data>a:15:{s:20:"prod_cat_best_season";s:14:"All Year Round";s:25:"prod_cat_popular_location";s:22:"Madrid, Majorca, Ibiza";s:16:"prod_cat_heading";s:17:"Holidays in Spain";s:20:"prod_cat_sub_heading";s:60:"Top Wordpress Theme for Spanish Holidays, Tours  and  Travel";s:18:"prod_cat_sub_title";s:24:"Top Attractions in Spain";s:22:"prod_cat_listing_title";s:14:"Spain Holidays";s:26:"prod_cat_listing_sub_title";s:46:"SEO Mastered Wordpress Theme for Spanish Tours";s:22:"prod_cat_dig_more_link";s:1:"#";s:25:"product_cat_banner_img_id";s:28:"//2019/07/page-banner-09.jpg";s:22:"product_cat_map_img_id";s:36:"//2016/04/undraw_smartwatch_74tv.svg";s:20:"prod_iconbar_cat_val";s:0:"";s:22:"prod_featured_home_val";s:0:"";s:21:"prod_featured_cat_val";s:0:"";s:20:"prod_icomoon_cat_val";s:0:"";s:18:"activity_level_val";s:0:"";}</cat_data>
		<cat_url>https://demo.waituk.com/entrada-modern-407</cat_url>
		<cat_img></cat_img>
	</item>
	<item>
		<cat_slug>netherlands==destination</cat_slug>
		<cat_data>a:15:{s:20:"prod_cat_best_season";s:20:"Summer, Winter, Fall";s:25:"prod_cat_popular_location";s:28:"Efteling, Jordaan, Keukenhaf";s:16:"prod_cat_heading";s:15:"The Netherlands";s:20:"prod_cat_sub_heading";s:27:"Holidays in the Netherlands";s:18:"prod_cat_sub_title";s:15:"Top Attractions";s:22:"prod_cat_listing_title";s:16:"Netherland Tours";s:26:"prod_cat_listing_sub_title";s:22:"Find the perfect tours";s:22:"prod_cat_dig_more_link";s:1:"#";s:25:"product_cat_banner_img_id";s:28:"//2016/04/page-banner-02.jpg";s:22:"product_cat_map_img_id";s:35:"//2016/04/undraw_travelers_qlt1.svg";s:20:"prod_iconbar_cat_val";s:0:"";s:22:"prod_featured_home_val";s:0:"";s:21:"prod_featured_cat_val";s:0:"";s:20:"prod_icomoon_cat_val";s:0:"";s:18:"activity_level_val";s:0:"";}</cat_data>
		<cat_url>https://demo.waituk.com/entrada-modern-407</cat_url>
		<cat_img></cat_img>
	</item>
	<item>
		<cat_slug>india==destination</cat_slug>
		<cat_data>a:15:{s:20:"prod_cat_best_season";s:14:"All Year Round";s:25:"prod_cat_popular_location";s:17:"Agra, Goa, Shimla";s:16:"prod_cat_heading";s:25:"Incredible India Holidays";s:20:"prod_cat_sub_heading";s:43:"Tour  and  Travel Wordpress Theme for India";s:18:"prod_cat_sub_title";s:24:"Top Attractions in India";s:22:"prod_cat_listing_title";s:11:"India Tours";s:26:"prod_cat_listing_sub_title";s:47:"SEO Mastered Wordpress Theme for Indian Tourism";s:22:"prod_cat_dig_more_link";s:1:"#";s:25:"product_cat_banner_img_id";s:28:"//2016/04/page-banner-14.jpg";s:22:"product_cat_map_img_id";s:36:"//2016/04/undraw_smartwatch_74tv.svg";s:20:"prod_iconbar_cat_val";s:0:"";s:22:"prod_featured_home_val";s:0:"";s:21:"prod_featured_cat_val";s:0:"";s:20:"prod_icomoon_cat_val";s:0:"";s:18:"activity_level_val";s:0:"";}</cat_data>
		<cat_url>https://demo.waituk.com/entrada-modern-407</cat_url>
		<cat_img></cat_img>
	</item>
	<item>
		<cat_slug>china==destination</cat_slug>
		<cat_data>a:15:{s:20:"prod_cat_best_season";s:14:"All Year Round";s:25:"prod_cat_popular_location";s:30:"The Bund, Great Wall, Mutianyu";s:16:"prod_cat_heading";s:17:"Holidays in China";s:20:"prod_cat_sub_heading";s:14:"Tours in China";s:18:"prod_cat_sub_title";s:15:"Top Attractions";s:22:"prod_cat_listing_title";s:11:"China Tours";s:26:"prod_cat_listing_sub_title";s:0:"";s:22:"prod_cat_dig_more_link";s:1:"#";s:25:"product_cat_banner_img_id";s:28:"//2016/04/page-banner-14.jpg";s:22:"product_cat_map_img_id";s:36:"//2016/04/undraw_smartwatch_74tv.svg";s:20:"prod_iconbar_cat_val";s:0:"";s:22:"prod_featured_home_val";s:0:"";s:21:"prod_featured_cat_val";s:0:"";s:20:"prod_icomoon_cat_val";s:0:"";s:18:"activity_level_val";s:0:"";}</cat_data>
		<cat_url>https://demo.waituk.com/entrada-modern-407</cat_url>
		<cat_img></cat_img>
	</item>
	<item>
		<cat_slug>nepal==destination</cat_slug>
		<cat_data>a:15:{s:20:"prod_cat_best_season";s:20:"Winter, Fall, Spring";s:25:"prod_cat_popular_location";s:28:"Everest, Annapurna, Langtang";s:16:"prod_cat_heading";s:17:"Holidays in Nepal";s:20:"prod_cat_sub_heading";s:49:"Wordpress Theme for Tours  and  Holidays in Nepal";s:18:"prod_cat_sub_title";s:24:"Top Attractions in Nepal";s:22:"prod_cat_listing_title";s:14:"Tours in Nepal";s:26:"prod_cat_listing_sub_title";s:44:"SEO Mastered Wordpress Theme for Nepal Tours";s:22:"prod_cat_dig_more_link";s:1:"#";s:25:"product_cat_banner_img_id";s:28:"//2016/04/page-banner-18.jpg";s:22:"product_cat_map_img_id";s:36:"//2016/04/undraw_smartwatch_74tv.svg";s:20:"prod_iconbar_cat_val";s:0:"";s:22:"prod_featured_home_val";s:0:"";s:21:"prod_featured_cat_val";s:0:"";s:20:"prod_icomoon_cat_val";s:0:"";s:18:"activity_level_val";s:0:"";}</cat_data>
		<cat_url>https://demo.waituk.com/entrada-modern-407</cat_url>
		<cat_img></cat_img>
	</item>
	<item>
		<cat_slug>asia==destination</cat_slug>
		<cat_data>a:15:{s:20:"prod_cat_best_season";s:14:"All Year Round";s:25:"prod_cat_popular_location";s:19:"India, China, Nepal";s:16:"prod_cat_heading";s:16:"Holidays in Asia";s:20:"prod_cat_sub_heading";s:28:"Tours  and  Holidays in Asia";s:18:"prod_cat_sub_title";s:23:"Top Attractions in Asia";s:22:"prod_cat_listing_title";s:10:"Asia Tours";s:26:"prod_cat_listing_sub_title";s:44:"SEO Mastered Wordpress Theme for Asian Tours";s:22:"prod_cat_dig_more_link";s:1:"#";s:25:"product_cat_banner_img_id";s:28:"//2016/04/page-banner-17.jpg";s:22:"product_cat_map_img_id";s:36:"//2016/04/undraw_smartwatch_74tv.svg";s:20:"prod_iconbar_cat_val";s:0:"";s:22:"prod_featured_home_val";s:0:"";s:21:"prod_featured_cat_val";s:0:"";s:20:"prod_icomoon_cat_val";s:9:"icon-asia";s:18:"activity_level_val";s:0:"";}</cat_data>
		<cat_url>https://demo.waituk.com/entrada-modern-407</cat_url>
		<cat_img></cat_img>
	</item>
	<item>
		<cat_slug>europe==destination</cat_slug>
		<cat_data>a:15:{s:20:"prod_cat_best_season";s:14:"All Year Round";s:25:"prod_cat_popular_location";s:19:"Rome, Paris, Munich";s:16:"prod_cat_heading";s:18:"Holidays in Europe";s:20:"prod_cat_sub_heading";s:48:"Wordpress Theme for Tours  and  Holidays in Asia";s:18:"prod_cat_sub_title";s:25:"Top Attractions in Europe";s:22:"prod_cat_listing_title";s:12:"Europe Tours";s:26:"prod_cat_listing_sub_title";s:44:"SEO Mastered Wordpress Theme for Asian Tours";s:22:"prod_cat_dig_more_link";s:1:"#";s:25:"product_cat_banner_img_id";s:28:"//2016/04/page-banner-21.jpg";s:22:"product_cat_map_img_id";s:29:"//2016/04/illustration-01.svg";s:20:"prod_iconbar_cat_val";s:0:"";s:22:"prod_featured_home_val";s:0:"";s:21:"prod_featured_cat_val";s:0:"";s:20:"prod_icomoon_cat_val";s:11:"icon-europe";s:18:"activity_level_val";s:0:"";}</cat_data>
		<cat_url>https://demo.waituk.com/entrada-modern-407</cat_url>
		<cat_img></cat_img>
	</item>
	<item>
		<cat_slug>north-america==destination</cat_slug>
		<cat_data>a:15:{s:20:"prod_cat_best_season";s:14:"All Year Round";s:25:"prod_cat_popular_location";s:18:"Canada, US, Mexico";s:16:"prod_cat_heading";s:13:"North America";s:20:"prod_cat_sub_heading";s:19:"Holidays in America";s:18:"prod_cat_sub_title";s:15:"Top Attractions";s:22:"prod_cat_listing_title";s:7:"America";s:26:"prod_cat_listing_sub_title";s:0:"";s:22:"prod_cat_dig_more_link";s:1:"#";s:25:"product_cat_banner_img_id";s:28:"//2016/04/page-banner-20.jpg";s:22:"product_cat_map_img_id";s:29:"//2016/04/illustration-01.svg";s:20:"prod_iconbar_cat_val";s:0:"";s:22:"prod_featured_home_val";s:0:"";s:21:"prod_featured_cat_val";s:0:"";s:20:"prod_icomoon_cat_val";s:0:"";s:18:"activity_level_val";s:0:"";}</cat_data>
		<cat_url>https://demo.waituk.com/entrada-modern-407</cat_url>
		<cat_img></cat_img>
	</item>
	<item>
		<cat_slug>world==destination</cat_slug>
		<cat_data>a:15:{s:20:"prod_cat_best_season";s:23:"May, June, July, August";s:25:"prod_cat_popular_location";s:30:"Madrid, Bhamas, Phuket, Sydney";s:16:"prod_cat_heading";s:18:"World Destinations";s:20:"prod_cat_sub_heading";s:29:"Destinations around the World";s:18:"prod_cat_sub_title";s:15:"Visit the World";s:22:"prod_cat_listing_title";s:11:"World Tours";s:26:"prod_cat_listing_sub_title";s:38:"Trending Destinations Around The World";s:22:"prod_cat_dig_more_link";s:1:"#";s:25:"product_cat_banner_img_id";s:28:"//2016/04/page-banner-17.jpg";s:22:"product_cat_map_img_id";s:29:"//2016/04/illustration-01.svg";s:20:"prod_iconbar_cat_val";s:0:"";s:22:"prod_featured_home_val";s:0:"";s:21:"prod_featured_cat_val";s:0:"";s:20:"prod_icomoon_cat_val";s:10:"icon-world";s:18:"activity_level_val";s:0:"";}</cat_data>
		<cat_url>https://demo.waituk.com/entrada-modern-407</cat_url>
		<cat_img></cat_img>
	</item>
	<item>
		<cat_slug>new-zealand==destination</cat_slug>
		<cat_data>a:15:{s:20:"prod_cat_best_season";s:14:"March - August";s:25:"prod_cat_popular_location";s:22:"Rotorua, Taupo, Napier";s:16:"prod_cat_heading";s:11:"New Zealand";s:20:"prod_cat_sub_heading";s:27:"Top Holidays in New Zealand";s:18:"prod_cat_sub_title";s:15:"Top Attractions";s:22:"prod_cat_listing_title";s:17:"New Zealand Tours";s:26:"prod_cat_listing_sub_title";s:25:"Visit New Zealand in 2019";s:22:"prod_cat_dig_more_link";s:1:"#";s:25:"product_cat_banner_img_id";s:28:"//2016/04/page-banner-18.jpg";s:22:"product_cat_map_img_id";s:36:"//2016/04/undraw_smartwatch_74tv.svg";s:20:"prod_iconbar_cat_val";s:0:"";s:22:"prod_featured_home_val";s:0:"";s:21:"prod_featured_cat_val";s:0:"";s:20:"prod_icomoon_cat_val";s:0:"";s:18:"activity_level_val";s:0:"";}</cat_data>
		<cat_url>https://demo.waituk.com/entrada-modern-407</cat_url>
		<cat_img></cat_img>
	</item>
	<item>
		<cat_slug>tanzania==destination</cat_slug>
		<cat_data>a:15:{s:20:"prod_cat_best_season";s:15:"March - October";s:25:"prod_cat_popular_location";s:22:"Arusha, Mwanza, Nungwi";s:16:"prod_cat_heading";s:8:"Tanzania";s:20:"prod_cat_sub_heading";s:20:"Holidays in Tanzania";s:18:"prod_cat_sub_title";s:23:"Attractions in Tanzania";s:22:"prod_cat_listing_title";s:17:"Tours in Tanzania";s:26:"prod_cat_listing_sub_title";s:47:"SEO Mastered Wordpress Theme for Tanzania Tours";s:22:"prod_cat_dig_more_link";s:1:"#";s:25:"product_cat_banner_img_id";s:36:"//2016/05/shutterstock_565946932.jpg";s:22:"product_cat_map_img_id";s:35:"//2016/04/undraw_travelers_qlt1.svg";s:20:"prod_iconbar_cat_val";s:0:"";s:22:"prod_featured_home_val";s:0:"";s:21:"prod_featured_cat_val";s:0:"";s:20:"prod_icomoon_cat_val";s:0:"";s:18:"activity_level_val";s:0:"";}</cat_data>
		<cat_url>https://demo.waituk.com/entrada-modern-407</cat_url>
		<cat_img></cat_img>
	</item>
	<item>
		<cat_slug>turkey==destination</cat_slug>
		<cat_data>a:15:{s:20:"prod_cat_best_season";s:14:"Summer, Winter";s:25:"prod_cat_popular_location";s:23:"Alanya, Izmir, Istanbul";s:16:"prod_cat_heading";s:18:"Holidays in Turkey";s:20:"prod_cat_sub_heading";s:30:"Tours  and  Holidays in Turkey";s:18:"prod_cat_sub_title";s:15:"Top Attractions";s:22:"prod_cat_listing_title";s:6:"Turkey";s:26:"prod_cat_listing_sub_title";s:46:"SEO Mastered Wordpress Theme for Turkish Tours";s:22:"prod_cat_dig_more_link";s:1:"#";s:25:"product_cat_banner_img_id";s:28:"//2016/04/page-banner-14.jpg";s:22:"product_cat_map_img_id";s:36:"//2016/04/undraw_smartwatch_74tv.svg";s:20:"prod_iconbar_cat_val";s:0:"";s:22:"prod_featured_home_val";s:0:"";s:21:"prod_featured_cat_val";s:0:"";s:20:"prod_icomoon_cat_val";s:0:"";s:18:"activity_level_val";s:0:"";}</cat_data>
		<cat_url>https://demo.waituk.com/entrada-modern-407</cat_url>
		<cat_img></cat_img>
	</item>
	<item>
		<cat_slug>italy==destination</cat_slug>
		<cat_data>a:15:{s:20:"prod_cat_best_season";s:14:"All Year Round";s:25:"prod_cat_popular_location";s:19:"Colosseum, Pantheon";s:16:"prod_cat_heading";s:17:"Holidays in Italy";s:20:"prod_cat_sub_heading";s:58:"Top Wordpress Theme for Italian Holidays, Tours and Travel";s:18:"prod_cat_sub_title";s:24:"Top Attractions in Italy";s:22:"prod_cat_listing_title";s:14:"Tours in Italy";s:26:"prod_cat_listing_sub_title";s:46:"SEO Mastered Wordpress Theme for Italian Tours";s:22:"prod_cat_dig_more_link";s:11:"About Italy";s:25:"product_cat_banner_img_id";s:28:"//2016/04/page-banner-21.jpg";s:22:"product_cat_map_img_id";s:35:"//2016/04/undraw_travelers_qlt1.svg";s:20:"prod_iconbar_cat_val";s:0:"";s:22:"prod_featured_home_val";s:0:"";s:21:"prod_featured_cat_val";s:0:"";s:20:"prod_icomoon_cat_val";s:0:"";s:18:"activity_level_val";s:0:"";}</cat_data>
		<cat_url>https://demo.waituk.com/entrada-modern-407</cat_url>
		<cat_img></cat_img>
	</item>
</categories>
