{
  "IcoMoonType": "selection",
  "icons": [
    {
      "icon": {
        "paths": [
          "M1009.996 828.976l-301.544-301.544c-18.668-18.668-49.214-18.668-67.882 0l-22.626 22.626-184-184 302.056-302.058h-320l-142.058 142.058-14.060-14.058h-67.882v67.882l14.058 14.058-206.058 206.060 160 160 206.058-206.058 184 184-22.626 22.626c-18.668 18.668-18.668 49.214 0 67.882l301.544 301.544c18.668 18.668 49.214 18.668 67.882 0l113.136-113.136c18.67-18.666 18.67-49.214 0.002-67.882z"
        ],
        "tags": [
          "hammer",
          "tool",
          "fix",
          "make",
          "generate",
          "work",
          "build"
        ],
        "defaultCode": 59798,
        "grid": 16,
        "attrs": []
      },
      "attrs": [],
      "properties": {
        "ligatures": "hammer, tool2",
        "name": "wt-hammer",
        "order": 22,
        "id": 151,
        "prevSize": 32,
        "code": 59798
      },
      "setIdx": 0,
      "setId": 1,
      "iconIdx": 150
    },
    {
      "icon": {
        "paths": [
          "M256 192l-128-128h-64v64l128 128zM320 0h64v128h-64zM576 320h128v64h-128zM640 128v-64h-64l-128 128 64 64zM0 320h128v64h-128zM320 576h64v128h-64zM64 576v64h64l128-128-64-64zM1010 882l-636.118-636.118c-18.668-18.668-49.214-18.668-67.882 0l-60.118 60.118c-18.668 18.668-18.668 49.214 0 67.882l636.118 636.118c18.668 18.668 49.214 18.668 67.882 0l60.118-60.118c18.668-18.668 18.668-49.214 0-67.882zM480 544l-192-192 64-64 192 192-64 64z"
        ],
        "tags": [
          "magic-wand",
          "wizard"
        ],
        "defaultCode": 59799,
        "grid": 16,
        "attrs": []
      },
      "attrs": [],
      "properties": {
        "ligatures": "magic-wand, wizard",
        "name": "wt-magic-wand",
        "order": 21,
        "id": 152,
        "prevSize": 32,
        "code": 59799
      },
      "setIdx": 0,
      "setId": 1,
      "iconIdx": 151
    },
    {
      "icon": {
        "paths": [
          "M896 256h-192v-128c0-35.2-28.8-64-64-64h-256c-35.2 0-64 28.8-64 64v128h-192c-70.4 0-128 57.6-128 128v512c0 70.4 57.6 128 128 128h768c70.4 0 128-57.6 128-128v-512c0-70.4-57.6-128-128-128zM384 128h256v128h-256v-128zM768 704h-192v192h-128v-192h-192v-128h192v-192h128v192h192v128z"
        ],
        "tags": [
          "aid-kit",
          "health",
          "medicine",
          "medical"
        ],
        "defaultCode": 59800,
        "grid": 16,
        "attrs": []
      },
      "attrs": [],
      "properties": {
        "ligatures": "aid-kit, health",
        "name": "wt-aid-kit",
        "order": 23,
        "id": 153,
        "prevSize": 32,
        "code": 59800
      },
      "setIdx": 0,
      "setId": 1,
      "iconIdx": 152
    },
    {
      "icon": {
        "paths": [
          "M889.162 179.77c7.568-9.632 8.972-22.742 3.62-33.758-5.356-11.018-16.532-18.012-28.782-18.012h-704c-12.25 0-23.426 6.994-28.78 18.012-5.356 11.018-3.95 24.126 3.618 33.758l313.162 398.57v381.66h-96c-17.672 0-32 14.326-32 32s14.328 32 32 32h320c17.674 0 32-14.326 32-32s-14.326-32-32-32h-96v-381.66l313.162-398.57zM798.162 192l-100.572 128h-371.18l-100.57-128h572.322z"
        ],
        "tags": [
          "glass",
          "drink",
          "beverage",
          "wine"
        ],
        "defaultCode": 59809,
        "grid": 16,
        "attrs": []
      },
      "attrs": [],
      "properties": {
        "ligatures": "glass2, drink2",
        "name": "wt-glass2",
        "order": 26,
        "id": 162,
        "prevSize": 32,
        "code": 59809
      },
      "setIdx": 0,
      "setId": 1,
      "iconIdx": 161
    },
    {
      "icon": {
        "paths": [
          "M960 320h-192v-96c0-88.366-171.922-160-384-160s-384 71.634-384 160v640c0 88.366 171.922 160 384 160s384-71.634 384-160v-96h192c35.346 0 64-28.654 64-64v-320c0-35.346-28.654-64-64-64zM176.056 258.398c-36.994-12.19-59.408-25.246-71.41-34.398 12.004-9.152 34.416-22.208 71.41-34.398 57.942-19.090 131.79-29.602 207.944-29.602s150.004 10.512 207.944 29.602c36.994 12.188 59.408 25.246 71.41 34.398-12.002 9.152-34.416 22.208-71.41 34.398-57.94 19.090-131.79 29.602-207.944 29.602s-150.002-10.512-207.944-29.602zM896 640h-128v-192h128v192z"
        ],
        "tags": [
          "mug",
          "drink",
          "glass",
          "beverage"
        ],
        "defaultCode": 59810,
        "grid": 16,
        "attrs": []
      },
      "attrs": [],
      "properties": {
        "ligatures": "mug, drink3",
        "name": "wt-mug",
        "order": 25,
        "id": 163,
        "prevSize": 32,
        "code": 59810
      },
      "setIdx": 0,
      "setId": 1,
      "iconIdx": 162
    },
    {
      "icon": {
        "paths": [
          "M224 0c-106.040 0-192 100.288-192 224 0 105.924 63.022 194.666 147.706 217.998l-31.788 518.124c-2.154 35.132 24.882 63.878 60.082 63.878h32c35.2 0 62.236-28.746 60.082-63.878l-31.788-518.124c84.684-23.332 147.706-112.074 147.706-217.998 0-123.712-85.96-224-192-224zM869.334 0l-53.334 320h-40l-26.666-320h-26.668l-26.666 320h-40l-53.334-320h-26.666v416c0 17.672 14.326 32 32 32h83.338l-31.42 512.122c-2.154 35.132 24.882 63.878 60.082 63.878h32c35.2 0 62.236-28.746 60.082-63.878l-31.42-512.122h83.338c17.674 0 32-14.328 32-32v-416h-26.666z"
        ],
        "tags": [
          "spoon-knife",
          "food",
          "restaurant"
        ],
        "defaultCode": 59811,
        "grid": 16,
        "attrs": []
      },
      "attrs": [],
      "properties": {
        "ligatures": "spoon-knife, food",
        "name": "wt-spoon-knife",
        "order": 24,
        "id": 164,
        "prevSize": 32,
        "code": 59811
      },
      "setIdx": 0,
      "setId": 1,
      "iconIdx": 163
    }
  ],
  "height": 1024,
  "metadata": {
    "name": "icomoon"
  },
  "preferences": {
    "showGlyphs": true,
    "showQuickUse": true,
    "showQuickUse2": true,
    "showSVGs": true,
    "fontPref": {
      "prefix": "icon-",
      "metadata": {
        "fontFamily": "icomoon"
      },
      "metrics": {
        "emSize": 1024,
        "baseline": 6.25,
        "whitespace": 50
      },
      "embed": false
    },
    "imagePref": {
      "prefix": "icon-",
      "png": true,
      "useClassSelector": true,
      "color": 0,
      "bgColor": 16777215,
      "classSelector": ".icon"
    },
    "historySize": 50,
    "showCodes": true,
    "gridSize": 16
  }
}